--Bundesländer einfügen
INSERT INTO Bundesland VALUES ("BW", "Baden-Württemberg", "Stuttgart");
INSERT INTO Bundesland VALUES ("BY", "Bayern", "München");
INSERT INTO Bundesland VALUES ("BE", "Berlin", "Berlin");
INSERT INTO Bundesland VALUES ("BB", "Brandenburg", "Potsdam");
INSERT INTO Bundesland VALUES ("HB", "Bremen", "Bremen");
INSERT INTO Bundesland VALUES ("HH", "Hamburg", "Hamburg");
INSERT INTO Bundesland VALUES ("HE", "Hessen", "Wiesbaden");
INSERT INTO Bundesland VALUES ("MV", "Mecklenburg-Vorpommern", "Schwerin");
INSERT INTO Bundesland VALUES ("NI", "Niedersachsen", "Hannover");
INSERT INTO Bundesland VALUES ("NW", "Nordrhein-Westfalen", "Düsseldorf");
INSERT INTO Bundesland VALUES ("RP", "Rheinland-Pfalz", "Mainz");
INSERT INTO Bundesland VALUES ("SL", "Saarland", "Saarbrücken");
INSERT INTO Bundesland VALUES ("SN", "Sachsen", "Dresden");
INSERT INTO Bundesland VALUES ("ST", "Sachsen-Anhalt", "Magdeburg");
INSERT INTO Bundesland VALUES ("SH", "Schleswig-Holstein", "Kiel");
INSERT INTO Bundesland VALUES ("TH", "Thüringen", "Erfurt");

--Wahlkreise einfügen
INSERT INTO Wahlkreis VALUES (1, "Flensburg – Schleswig", "SH");
INSERT INTO Wahlkreis VALUES (2, "Nordfriesland – Dithmarschen Nord", "SH");
INSERT INTO Wahlkreis VALUES (3, "Steinburg – Dithmarschen Süd", "SH");
INSERT INTO Wahlkreis VALUES (4, "Rendsburg-Eckernförde", "SH");
INSERT INTO Wahlkreis VALUES (5, "Kiel", "SH");
INSERT INTO Wahlkreis VALUES (6, "Plön – Neumünster", "SH");
INSERT INTO Wahlkreis VALUES (7, "Pinneberg", "SH");
INSERT INTO Wahlkreis VALUES (8, "Segeberg – Stormarn-Nord", "SH");
INSERT INTO Wahlkreis VALUES (9, "Ostholstein", "SH");
INSERT INTO Wahlkreis VALUES (10, "Herzogtum Lauenburg – Stormarn-Süd", "SH");
INSERT INTO Wahlkreis VALUES (11, "Lübeck", "SH");
INSERT INTO Wahlkreis VALUES (12, "Wismar – Nordwestmecklenburg – Parchim", "MV");
INSERT INTO Wahlkreis VALUES (13, "Schwerin – Ludwigslust", "MV");
INSERT INTO Wahlkreis VALUES (14, "Rostock", "MV");
INSERT INTO Wahlkreis VALUES (15, "Stralsund – Nordvorpommern – Rügen", "MV");
INSERT INTO Wahlkreis VALUES (16, "Greifswald – Demmin – Ostvorpommern", "MV");
INSERT INTO Wahlkreis VALUES (17, "Bad Doberan – Güstrow – Müritz", "MV");
INSERT INTO Wahlkreis VALUES (18, "Neubrandenburg – Mecklenburg-Strelitz – Uecker-Randow", "MV");
INSERT INTO Wahlkreis VALUES (19, "Hamburg-Mitte", "HH");
INSERT INTO Wahlkreis VALUES (20, "Hamburg-Altona", "HH");
INSERT INTO Wahlkreis VALUES (21, "Hamburg-Eimsbüttel", "HH");
INSERT INTO Wahlkreis VALUES (22, "Hamburg-Nord", "HH");
INSERT INTO Wahlkreis VALUES (23, "Hamburg-Wandsbek", "HH");
INSERT INTO Wahlkreis VALUES (24, "Hamburg-Bergedorf – Harburg", "HH");
INSERT INTO Wahlkreis VALUES (25, "Aurich – Emden", "NI");
INSERT INTO Wahlkreis VALUES (26, "Unterems", "NI");
INSERT INTO Wahlkreis VALUES (27, "Friesland – Wilhelmshaven", "NI");
INSERT INTO Wahlkreis VALUES (28, "Oldenburg – Ammerland", "NI");
INSERT INTO Wahlkreis VALUES (29, "Delmenhorst – Wesermarsch – Oldenburg-Land", "NI");
INSERT INTO Wahlkreis VALUES (30, "Cuxhaven – Stade II", "NI");
INSERT INTO Wahlkreis VALUES (31, "Stade I – Rotenburg II", "NI");
INSERT INTO Wahlkreis VALUES (32, "Mittelems", "NI");
INSERT INTO Wahlkreis VALUES (33, "Cloppenburg – Vechta", "NI");
INSERT INTO Wahlkreis VALUES (34, "Diepholz – Nienburg I", "NI");
INSERT INTO Wahlkreis VALUES (35, "Osterholz – Verden", "NI");
INSERT INTO Wahlkreis VALUES (36, "Rotenburg I - Soltau-Fallingbostel", "NI");
INSERT INTO Wahlkreis VALUES (37, "Harburg", "NI");
INSERT INTO Wahlkreis VALUES (38, "Lüchow-Dannenberg – Lüneburg", "NI");
INSERT INTO Wahlkreis VALUES (39, "Osnabrück-Land", "NI");
INSERT INTO Wahlkreis VALUES (40, "Stadt Osnabrück", "NI");
INSERT INTO Wahlkreis VALUES (41, "Nienburg II – Schaumburg", "NI");
INSERT INTO Wahlkreis VALUES (42, "Stadt Hannover I", "NI");
INSERT INTO Wahlkreis VALUES (43, "Stadt Hannover II", "NI");
INSERT INTO Wahlkreis VALUES (44, "Hannover-Land I", "NI");
INSERT INTO Wahlkreis VALUES (45, "Celle – Uelzen", "NI");
INSERT INTO Wahlkreis VALUES (46, "Gifhorn – Peine", "NI");
INSERT INTO Wahlkreis VALUES (47, "Hameln-Pyrmont – Holzminden", "NI");
INSERT INTO Wahlkreis VALUES (48, "Hannover-Land II", "NI");
INSERT INTO Wahlkreis VALUES (49, "Hildesheim", "NI");
INSERT INTO Wahlkreis VALUES (50, "Salzgitter – Wolfenbüttel", "NI");
INSERT INTO Wahlkreis VALUES (51, "Braunschweig", "NI");
INSERT INTO Wahlkreis VALUES (52, "Helmstedt – Wolfsburg", "NI");
INSERT INTO Wahlkreis VALUES (53, "Goslar – Northeim – Osterode", "NI");
INSERT INTO Wahlkreis VALUES (54, "Göttingen", "NI");
INSERT INTO Wahlkreis VALUES (55, "Bremen I", "HB");
INSERT INTO Wahlkreis VALUES (56, "Bremen II – Bremerhaven", "HB");
INSERT INTO Wahlkreis VALUES (57, "Prignitz – Ostprignitz-Ruppin – Havelland I", "BB");
INSERT INTO Wahlkreis VALUES (58, "Uckermark – Barnim I", "BB");
INSERT INTO Wahlkreis VALUES (59, "Oberhavel – Havelland II", "BB");
INSERT INTO Wahlkreis VALUES (60, "Märkisch-Oderland – Barnim II", "BB");
INSERT INTO Wahlkreis VALUES (61, "Brandenburg a.d. Havel – Potsdam-Mittelmark I – Havelland III – Teltow-Fläming I", "BB");
INSERT INTO Wahlkreis VALUES (62, "Potsdam – Potsdam-Mittelmark II – Teltow-Fläming II", "BB");
INSERT INTO Wahlkreis VALUES (63, "Dahme-Spreewald – Teltow-Fläming III – Oberspreewald-Lausitz I", "BB");
INSERT INTO Wahlkreis VALUES (64, "Frankfurt (Oder) – Oder-Spree", "BB");
INSERT INTO Wahlkreis VALUES (65, "Cottbus – Spree-Neiße", "BB");
INSERT INTO Wahlkreis VALUES (66, "Elbe-Elster – Oberspreewald-Lausitz II", "BB");
INSERT INTO Wahlkreis VALUES (67, "Altmark", "ST");
INSERT INTO Wahlkreis VALUES (68, "Börde – Jerichower Land", "ST");
INSERT INTO Wahlkreis VALUES (69, "Harz", "ST");
INSERT INTO Wahlkreis VALUES (70, "Magdeburg", "ST");
INSERT INTO Wahlkreis VALUES (71, "Dessau – Wittenberg", "ST");
INSERT INTO Wahlkreis VALUES (72, "Anhalt", "ST");
INSERT INTO Wahlkreis VALUES (73, "Halle", "ST");
INSERT INTO Wahlkreis VALUES (74, "Burgenland – Saalekreis", "ST");
INSERT INTO Wahlkreis VALUES (75, "Mansfeld", "ST");
INSERT INTO Wahlkreis VALUES (76, "Berlin-Mitte", "BE");
INSERT INTO Wahlkreis VALUES (77, "Berlin-Pankow", "BE");
INSERT INTO Wahlkreis VALUES (78, "Berlin-Reinickendorf", "BE");
INSERT INTO Wahlkreis VALUES (79, "Berlin-Spandau – Charlottenburg Nord", "BE");
INSERT INTO Wahlkreis VALUES (80, "Berlin-Steglitz – Zehlendorf", "BE");
INSERT INTO Wahlkreis VALUES (81, "Berlin-Charlottenburg – Wilmersdorf", "BE");
INSERT INTO Wahlkreis VALUES (82, "Berlin-Tempelhof – Schöneberg", "BE");
INSERT INTO Wahlkreis VALUES (83, "Berlin-Neukölln", "BE");
INSERT INTO Wahlkreis VALUES (84, "Berlin-Friedrichshain – Kreuzberg – Prenzlauer Berg Ost", "BE");
INSERT INTO Wahlkreis VALUES (85, "Berlin-Treptow – Köpenick", "BE");
INSERT INTO Wahlkreis VALUES (86, "Berlin-Marzahn – Hellersdorf", "BE");
INSERT INTO Wahlkreis VALUES (87, "Berlin-Lichtenberg", "BE");
INSERT INTO Wahlkreis VALUES (88, "Aachen", "NW");
INSERT INTO Wahlkreis VALUES (89, "Kreis Aachen", "NW");
INSERT INTO Wahlkreis VALUES (90, "Heinsberg", "NW");
INSERT INTO Wahlkreis VALUES (91, "Düren", "NW");
INSERT INTO Wahlkreis VALUES (92, "Erftkreis I", "NW");
INSERT INTO Wahlkreis VALUES (93, "Euskirchen – Erftkreis II", "NW");
INSERT INTO Wahlkreis VALUES (94, "Köln I", "NW");
INSERT INTO Wahlkreis VALUES (95, "Köln II", "NW");
INSERT INTO Wahlkreis VALUES (96, "Köln III", "NW");
INSERT INTO Wahlkreis VALUES (97, "Bonn", "NW");
INSERT INTO Wahlkreis VALUES (98, "Rhein-Sieg-Kreis I", "NW");
INSERT INTO Wahlkreis VALUES (99, "Rhein-Sieg-Kreis II", "NW");
INSERT INTO Wahlkreis VALUES (100, "Oberbergischer Kreis", "NW");
INSERT INTO Wahlkreis VALUES (101, "Rheinisch-Bergischer Kreis", "NW");
INSERT INTO Wahlkreis VALUES (102, "Leverkusen – Köln IV", "NW");
INSERT INTO Wahlkreis VALUES (103, "Wuppertal I", "NW");
INSERT INTO Wahlkreis VALUES (104, "Solingen – Remscheid – Wuppertal II", "NW");
INSERT INTO Wahlkreis VALUES (105, "Mettmann I", "NW");
INSERT INTO Wahlkreis VALUES (106, "Mettmann II", "NW");
INSERT INTO Wahlkreis VALUES (107, "Düsseldorf I", "NW");
INSERT INTO Wahlkreis VALUES (108, "Düsseldorf II", "NW");
INSERT INTO Wahlkreis VALUES (109, "Neuss I", "NW");
INSERT INTO Wahlkreis VALUES (110, "Mönchengladbach", "NW");
INSERT INTO Wahlkreis VALUES (111, "Krefeld I – Neuss II", "NW");
INSERT INTO Wahlkreis VALUES (112, "Viersen", "NW");
INSERT INTO Wahlkreis VALUES (113, "Kleve", "NW");
INSERT INTO Wahlkreis VALUES (114, "Wesel I", "NW");
INSERT INTO Wahlkreis VALUES (115, "Krefeld II – Wesel II", "NW");
INSERT INTO Wahlkreis VALUES (116, "Duisburg I", "NW");
INSERT INTO Wahlkreis VALUES (117, "Duisburg II", "NW");
INSERT INTO Wahlkreis VALUES (118, "Oberhausen – Wesel III", "NW");
INSERT INTO Wahlkreis VALUES (119, "Mülheim – Essen I", "NW");
INSERT INTO Wahlkreis VALUES (120, "Essen II", "NW");
INSERT INTO Wahlkreis VALUES (121, "Essen III", "NW");
INSERT INTO Wahlkreis VALUES (122, "Recklinghausen I", "NW");
INSERT INTO Wahlkreis VALUES (123, "Recklinghausen II", "NW");
INSERT INTO Wahlkreis VALUES (124, "Gelsenkirchen", "NW");
INSERT INTO Wahlkreis VALUES (125, "Steinfurt I – Borken I", "NW");
INSERT INTO Wahlkreis VALUES (126, "Bottrop – Recklinghausen III", "NW");
INSERT INTO Wahlkreis VALUES (127, "Borken II", "NW");
INSERT INTO Wahlkreis VALUES (128, "Coesfeld – Steinfurt II", "NW");
INSERT INTO Wahlkreis VALUES (129, "Steinfurt III", "NW");
INSERT INTO Wahlkreis VALUES (130, "Münster", "NW");
INSERT INTO Wahlkreis VALUES (131, "Warendorf", "NW");
INSERT INTO Wahlkreis VALUES (132, "Gütersloh", "NW");
INSERT INTO Wahlkreis VALUES (133, "Bielefeld", "NW");
INSERT INTO Wahlkreis VALUES (134, "Herford – Minden-Lübbecke II", "NW");
INSERT INTO Wahlkreis VALUES (135, "Minden-Lübbecke I", "NW");
INSERT INTO Wahlkreis VALUES (136, "Lippe I", "NW");
INSERT INTO Wahlkreis VALUES (137, "Höxter – Lippe II", "NW");
INSERT INTO Wahlkreis VALUES (138, "Paderborn", "NW");
INSERT INTO Wahlkreis VALUES (139, "Hagen – Ennepe-Ruhr-Kreis I", "NW");
INSERT INTO Wahlkreis VALUES (140, "Ennepe-Ruhr-Kreis II", "NW");
INSERT INTO Wahlkreis VALUES (141, "Bochum I", "NW");
INSERT INTO Wahlkreis VALUES (142, "Herne – Bochum II", "NW");
INSERT INTO Wahlkreis VALUES (143, "Dortmund I", "NW");
INSERT INTO Wahlkreis VALUES (144, "Dortmund II", "NW");
INSERT INTO Wahlkreis VALUES (145, "Unna I", "NW");
INSERT INTO Wahlkreis VALUES (146, "Hamm – Unna II", "NW");
INSERT INTO Wahlkreis VALUES (147, "Soest", "NW");
INSERT INTO Wahlkreis VALUES (148, "Hochsauerlandkreis", "NW");
INSERT INTO Wahlkreis VALUES (149, "Siegen-Wittgenstein", "NW");
INSERT INTO Wahlkreis VALUES (150, "Olpe – Märkischer Kreis I", "NW");
INSERT INTO Wahlkreis VALUES (151, "Märkischer Kreis II", "NW");
INSERT INTO Wahlkreis VALUES (152, "Nordsachsen", "SN");
INSERT INTO Wahlkreis VALUES (153, "Leipzig I", "SN");
INSERT INTO Wahlkreis VALUES (154, "Leipzig II", "SN");
INSERT INTO Wahlkreis VALUES (155, "Leipzig-Land", "SN");
INSERT INTO Wahlkreis VALUES (156, "Meißen", "SN");
INSERT INTO Wahlkreis VALUES (157, "Bautzen I", "SN");
INSERT INTO Wahlkreis VALUES (158, "Görlitz", "SN");
INSERT INTO Wahlkreis VALUES (159, "Sächsische Schweiz – Osterzgebirge", "SN");
INSERT INTO Wahlkreis VALUES (160, "Dresden I", "SN");
INSERT INTO Wahlkreis VALUES (161, "Dresden II – Bautzen II", "SN");
INSERT INTO Wahlkreis VALUES (162, "Mittelsachsen", "SN");
INSERT INTO Wahlkreis VALUES (163, "Chemnitz", "SN");
INSERT INTO Wahlkreis VALUES (164, "Chemnitzer Umland – Erzgebirgskreis II", "SN");
INSERT INTO Wahlkreis VALUES (165, "Erzgebirgskreis I", "SN");
INSERT INTO Wahlkreis VALUES (166, "Zwickau", "SN");
INSERT INTO Wahlkreis VALUES (167, "Vogtlandkreis", "SN");
INSERT INTO Wahlkreis VALUES (168, "Waldeck", "HE");
INSERT INTO Wahlkreis VALUES (169, "Kassel", "HE");
INSERT INTO Wahlkreis VALUES (170, "Werra-Meißner – Hersfeld-Rotenburg", "HE");
INSERT INTO Wahlkreis VALUES (171, "Schwalm-Eder", "HE");
INSERT INTO Wahlkreis VALUES (172, "Marburg", "HE");
INSERT INTO Wahlkreis VALUES (173, "Lahn-Dill", "HE");
INSERT INTO Wahlkreis VALUES (174, "Gießen", "HE");
INSERT INTO Wahlkreis VALUES (175, "Fulda", "HE");
INSERT INTO Wahlkreis VALUES (176, "Hochtaunus", "HE");
INSERT INTO Wahlkreis VALUES (177, "Wetterau", "HE");
INSERT INTO Wahlkreis VALUES (178, "Rheingau-Taunus – Limburg", "HE");
INSERT INTO Wahlkreis VALUES (179, "Wiesbaden", "HE");
INSERT INTO Wahlkreis VALUES (180, "Hanau", "HE");
INSERT INTO Wahlkreis VALUES (181, "Main-Taunus", "HE");
INSERT INTO Wahlkreis VALUES (182, "Frankfurt am Main I", "HE");
INSERT INTO Wahlkreis VALUES (183, "Frankfurt am Main II", "HE");
INSERT INTO Wahlkreis VALUES (184, "Groß-Gerau", "HE");
INSERT INTO Wahlkreis VALUES (185, "Offenbach", "HE");
INSERT INTO Wahlkreis VALUES (186, "Darmstadt", "HE");
INSERT INTO Wahlkreis VALUES (187, "Odenwald", "HE");
INSERT INTO Wahlkreis VALUES (188, "Bergstraße", "HE");
INSERT INTO Wahlkreis VALUES (189, "Eichsfeld – Nordhausen – Unstrut-Hainich-Kreis I", "TH");
INSERT INTO Wahlkreis VALUES (190, "Eisenach – Wartburgkreis – Unstrut-Hainich-Kreis II", "TH");
INSERT INTO Wahlkreis VALUES (191, "Kyffhäuserkreis – Sömmerda – Weimarer Land I", "TH");
INSERT INTO Wahlkreis VALUES (192, "Gotha – Ilm-Kreis", "TH");
INSERT INTO Wahlkreis VALUES (193, "Erfurt – Weimar – Weimarer Land II", "TH");
INSERT INTO Wahlkreis VALUES (194, "Gera – Jena – Saale-Holzland-Kreis", "TH");
INSERT INTO Wahlkreis VALUES (195, "Greiz – Altenburger Land", "TH");
INSERT INTO Wahlkreis VALUES (196, "Sonneberg – Saalfeld-Rudolstadt – Saale-Orla-Kreis", "TH");
INSERT INTO Wahlkreis VALUES (197, "Suhl – Schmalkalden-Meiningen – Hildburghausen", "TH");
INSERT INTO Wahlkreis VALUES (198, "Neuwied", "RP");
INSERT INTO Wahlkreis VALUES (199, "Ahrweiler", "RP");
INSERT INTO Wahlkreis VALUES (200, "Koblenz", "RP");
INSERT INTO Wahlkreis VALUES (201, "Mosel/Rhein-Hunsrück", "RP");
INSERT INTO Wahlkreis VALUES (202, "Kreuznach", "RP");
INSERT INTO Wahlkreis VALUES (203, "Bitburg", "RP");
INSERT INTO Wahlkreis VALUES (204, "Trier", "RP");
INSERT INTO Wahlkreis VALUES (205, "Montabaur", "RP");
INSERT INTO Wahlkreis VALUES (206, "Mainz", "RP");
INSERT INTO Wahlkreis VALUES (207, "Worms", "RP");
INSERT INTO Wahlkreis VALUES (208, "Ludwigshafen/Frankenthal", "RP");
INSERT INTO Wahlkreis VALUES (209, "Neustadt – Speyer", "RP");
INSERT INTO Wahlkreis VALUES (210, "Kaiserslautern", "RP");
INSERT INTO Wahlkreis VALUES (211, "Pirmasens", "RP");
INSERT INTO Wahlkreis VALUES (212, "Südpfalz", "RP");
INSERT INTO Wahlkreis VALUES (213, "Altötting", "BY");
INSERT INTO Wahlkreis VALUES (214, "Erding – Ebersberg", "BY");
INSERT INTO Wahlkreis VALUES (215, "Freising", "BY");
INSERT INTO Wahlkreis VALUES (216, "Fürstenfeldbruck", "BY");
INSERT INTO Wahlkreis VALUES (217, "Ingolstadt", "BY");
INSERT INTO Wahlkreis VALUES (218, "München-Nord", "BY");
INSERT INTO Wahlkreis VALUES (219, "München-Ost", "BY");
INSERT INTO Wahlkreis VALUES (220, "München-Süd", "BY");
INSERT INTO Wahlkreis VALUES (221, "München-West/Mitte", "BY");
INSERT INTO Wahlkreis VALUES (222, "München-Land", "BY");
INSERT INTO Wahlkreis VALUES (223, "Rosenheim", "BY");
INSERT INTO Wahlkreis VALUES (224, "Starnberg", "BY");
INSERT INTO Wahlkreis VALUES (225, "Traunstein", "BY");
INSERT INTO Wahlkreis VALUES (226, "Weilheim", "BY");
INSERT INTO Wahlkreis VALUES (227, "Deggendorf", "BY");
INSERT INTO Wahlkreis VALUES (228, "Landshut", "BY");
INSERT INTO Wahlkreis VALUES (229, "Passau", "BY");
INSERT INTO Wahlkreis VALUES (230, "Rottal-Inn", "BY");
INSERT INTO Wahlkreis VALUES (231, "Straubing", "BY");
INSERT INTO Wahlkreis VALUES (232, "Amberg", "BY");
INSERT INTO Wahlkreis VALUES (233, "Regensburg", "BY");
INSERT INTO Wahlkreis VALUES (234, "Schwandorf", "BY");
INSERT INTO Wahlkreis VALUES (235, "Weiden", "BY");
INSERT INTO Wahlkreis VALUES (236, "Bamberg", "BY");
INSERT INTO Wahlkreis VALUES (237, "Bayreuth", "BY");
INSERT INTO Wahlkreis VALUES (238, "Coburg", "BY");
INSERT INTO Wahlkreis VALUES (239, "Hof", "BY");
INSERT INTO Wahlkreis VALUES (240, "Kulmbach", "BY");
INSERT INTO Wahlkreis VALUES (241, "Ansbach", "BY");
INSERT INTO Wahlkreis VALUES (242, "Erlangen", "BY");
INSERT INTO Wahlkreis VALUES (243, "Fürth", "BY");
INSERT INTO Wahlkreis VALUES (244, "Nürnberg-Nord", "BY");
INSERT INTO Wahlkreis VALUES (245, "Nürnberg-Süd", "BY");
INSERT INTO Wahlkreis VALUES (246, "Roth", "BY");
INSERT INTO Wahlkreis VALUES (247, "Aschaffenburg", "BY");
INSERT INTO Wahlkreis VALUES (248, "Bad Kissingen", "BY");
INSERT INTO Wahlkreis VALUES (249, "Main-Spessart", "BY");
INSERT INTO Wahlkreis VALUES (250, "Schweinfurt", "BY");
INSERT INTO Wahlkreis VALUES (251, "Würzburg", "BY");
INSERT INTO Wahlkreis VALUES (252, "Augsburg-Stadt", "BY");
INSERT INTO Wahlkreis VALUES (253, "Augsburg-Land", "BY");
INSERT INTO Wahlkreis VALUES (254, "Donau-Ries", "BY");
INSERT INTO Wahlkreis VALUES (255, "Neu-Ulm", "BY");
INSERT INTO Wahlkreis VALUES (256, "Oberallgäu", "BY");
INSERT INTO Wahlkreis VALUES (257, "Ostallgäu", "BY");
INSERT INTO Wahlkreis VALUES (258, "Stuttgart I", "BW");
INSERT INTO Wahlkreis VALUES (259, "Stuttgart II", "BW");
INSERT INTO Wahlkreis VALUES (260, "Böblingen", "BW");
INSERT INTO Wahlkreis VALUES (261, "Esslingen", "BW");
INSERT INTO Wahlkreis VALUES (262, "Nürtingen", "BW");
INSERT INTO Wahlkreis VALUES (263, "Göppingen", "BW");
INSERT INTO Wahlkreis VALUES (264, "Waiblingen", "BW");
INSERT INTO Wahlkreis VALUES (265, "Ludwigsburg", "BW");
INSERT INTO Wahlkreis VALUES (266, "Neckar-Zaber", "BW");
INSERT INTO Wahlkreis VALUES (267, "Heilbronn", "BW");
INSERT INTO Wahlkreis VALUES (268, "Schwäbisch Hall – Hohenlohe", "BW");
INSERT INTO Wahlkreis VALUES (269, "Backnang – Schwäbisch Gmünd", "BW");
INSERT INTO Wahlkreis VALUES (270, "Aalen – Heidenheim", "BW");
INSERT INTO Wahlkreis VALUES (271, "Karlsruhe-Stadt", "BW");
INSERT INTO Wahlkreis VALUES (272, "Karlsruhe-Land", "BW");
INSERT INTO Wahlkreis VALUES (273, "Rastatt", "BW");
INSERT INTO Wahlkreis VALUES (274, "Heidelberg", "BW");
INSERT INTO Wahlkreis VALUES (275, "Mannheim", "BW");
INSERT INTO Wahlkreis VALUES (276, "Odenwald – Tauber", "BW");
INSERT INTO Wahlkreis VALUES (277, "Rhein-Neckar", "BW");
INSERT INTO Wahlkreis VALUES (278, "Bruchsal – Schwetzingen", "BW");
INSERT INTO Wahlkreis VALUES (279, "Pforzheim", "BW");
INSERT INTO Wahlkreis VALUES (280, "Calw", "BW");
INSERT INTO Wahlkreis VALUES (281, "Freiburg", "BW");
INSERT INTO Wahlkreis VALUES (282, "Lörrach – Müllheim", "BW");
INSERT INTO Wahlkreis VALUES (283, "Emmendingen – Lahr", "BW");
INSERT INTO Wahlkreis VALUES (284, "Offenburg", "BW");
INSERT INTO Wahlkreis VALUES (285, "Rottweil – Tuttlingen", "BW");
INSERT INTO Wahlkreis VALUES (286, "Schwarzwald-Baar", "BW");
INSERT INTO Wahlkreis VALUES (287, "Konstanz", "BW");
INSERT INTO Wahlkreis VALUES (288, "Waldshut", "BW");
INSERT INTO Wahlkreis VALUES (289, "Reutlingen", "BW");
INSERT INTO Wahlkreis VALUES (290, "Tübingen", "BW");
INSERT INTO Wahlkreis VALUES (291, "Ulm", "BW");
INSERT INTO Wahlkreis VALUES (292, "Biberach", "BW");
INSERT INTO Wahlkreis VALUES (293, "Bodensee", "BW");
INSERT INTO Wahlkreis VALUES (294, "Ravensburg", "BW");
INSERT INTO Wahlkreis VALUES (295, "Zollernalb – Sigmaringen", "BW");
INSERT INTO Wahlkreis VALUES (296, "Saarbrücken", "SL");
INSERT INTO Wahlkreis VALUES (297, "Saarlouis", "SL");
INSERT INTO Wahlkreis VALUES (298, "St. Wendel", "SL");
INSERT INTO Wahlkreis VALUES (299, "Homburg", "SL");

--Wahlbezirke einfügen
INSERT INTO Wahlbezirk (name, wahlkreis) VALUES("Flensburg", 1);
INSERT INTO Wahlbezirk (name, wahlkreis) VALUES(" Kreis Schleswig-Flensburg", 1);
INSERT INTO Wahlbezirk (name, wahlkreis) VALUES("Kreis Nordfriesland", 2);
INSERT INTO Wahlbezirk (name, wahlkreis) VALUES(" Kreis Dithmarschen(nördl. Teil)", 2);
INSERT INTO Wahlbezirk (name, wahlkreis) VALUES("Kreis Steinburg", 3);
INSERT INTO Wahlbezirk (name, wahlkreis) VALUES(" Kreis Dithmarschen (südl. Teil)", 3);
INSERT INTO Wahlbezirk (name, wahlkreis) VALUES("vom Kreis Segeberg die Gemeinde Bad Bramstedt und das Amt Bad Bramstedt-Land", 3);
INSERT INTO Wahlbezirk (name, wahlkreis) VALUES("Kreis Rendsburg-Eckernförde ohne die Gemeinden Altenholz und Kronshagen", 4);
INSERT INTO Wahlbezirk (name, wahlkreis) VALUES("Kiel", 5);
INSERT INTO Wahlbezirk (name, wahlkreis) VALUES("vom Kreis Rendsburg-Eckernförde die Gemeinden Altenholz und Kronshagen", 5);
INSERT INTO Wahlbezirk (name, wahlkreis) VALUES("Kreis Plön", 6);
INSERT INTO Wahlbezirk (name, wahlkreis) VALUES(" Neumünster", 6);
INSERT INTO Wahlbezirk (name, wahlkreis) VALUES("vom Kreis Segebergdas Amt Boostedt-Rickling", 6);
INSERT INTO Wahlbezirk (name, wahlkreis) VALUES("Kreis Pinneberg", 7);
INSERT INTO Wahlbezirk (name, wahlkreis) VALUES("Kreis Segeberg ohne Bad Bramstedt und die Ämter Bramstedt-Land und Boostedt-Rickling", 8);
INSERT INTO Wahlbezirk (name, wahlkreis) VALUES("Kreis Stormarn (nördl. Teil)", 8);
INSERT INTO Wahlbezirk (name, wahlkreis) VALUES("Kreis Ostholstein", 9);
INSERT INTO Wahlbezirk (name, wahlkreis) VALUES("vom Kreis Stormarn die Gemeinde Reinfeld und das Amt Nordstormarn", 9);
INSERT INTO Wahlbezirk (name, wahlkreis) VALUES("Kreis Herzogtum Lauenburg (südöstl. Teil)", 10);
INSERT INTO Wahlbezirk (name, wahlkreis) VALUES("Kreis Stormarn (südl. Teil)", 10);
INSERT INTO Wahlbezirk (name, wahlkreis) VALUES("Lübeck", 11);
INSERT INTO Wahlbezirk (name, wahlkreis) VALUES(" Kreis Herzogtum Lauenburg(nordwestl. Teil)", 11);
INSERT INTO Wahlbezirk (name, wahlkreis) VALUES("Wismar", 12);
INSERT INTO Wahlbezirk (name, wahlkreis) VALUES(" Landkreis Nordwestmecklenburg", 12);
INSERT INTO Wahlbezirk (name, wahlkreis) VALUES("Landkreis Parchim", 12);
INSERT INTO Wahlbezirk (name, wahlkreis) VALUES("Schwerin", 13);
INSERT INTO Wahlbezirk (name, wahlkreis) VALUES(" Landkreis Ludwigslust", 13);
INSERT INTO Wahlbezirk (name, wahlkreis) VALUES("Rostock", 14);
INSERT INTO Wahlbezirk (name, wahlkreis) VALUES(" Landkreis Bad Doberan (östl. Teil)", 14);
INSERT INTO Wahlbezirk (name, wahlkreis) VALUES("Stralsund", 15);
INSERT INTO Wahlbezirk (name, wahlkreis) VALUES(" Landkreis Nordvorpommern", 15);
INSERT INTO Wahlbezirk (name, wahlkreis) VALUES("Landkreis Rügen", 15);
INSERT INTO Wahlbezirk (name, wahlkreis) VALUES("Greifswald", 16);
INSERT INTO Wahlbezirk (name, wahlkreis) VALUES(" Landkreis Demmin", 16);
INSERT INTO Wahlbezirk (name, wahlkreis) VALUES(" Landkreis Ostvorpommern", 16);
INSERT INTO Wahlbezirk (name, wahlkreis) VALUES("Landkreis Bad Doberan (westl. Teil)", 17);
INSERT INTO Wahlbezirk (name, wahlkreis) VALUES("Landkreis Güstrow", 17);
INSERT INTO Wahlbezirk (name, wahlkreis) VALUES(" Landkreis Müritz", 17);
INSERT INTO Wahlbezirk (name, wahlkreis) VALUES("Neubrandenburg", 18);
INSERT INTO Wahlbezirk (name, wahlkreis) VALUES(" Landkreis Mecklenburg-Strelitz", 18);
INSERT INTO Wahlbezirk (name, wahlkreis) VALUES(" Landkreis Uecker-Randow", 18);
INSERT INTO Wahlbezirk (name, wahlkreis) VALUES("Bezirk Hamburg-Mitte ohne Wilhelmsburg", 19);
INSERT INTO Wahlbezirk (name, wahlkreis) VALUES("vom Bezirk Altona der Stadtteil Sternschanze(teilw.)", 19);
INSERT INTO Wahlbezirk (name, wahlkreis) VALUES("vom Bezirk Hamburg-Nord die Stadtteile Barmbek-Nord", 19);
INSERT INTO Wahlbezirk (name, wahlkreis) VALUES(" Barmbek-Süd", 19);
INSERT INTO Wahlbezirk (name, wahlkreis) VALUES("Dulsberg", 19);
INSERT INTO Wahlbezirk (name, wahlkreis) VALUES(" Hohenfelde und Uhlenhorst", 19);
INSERT INTO Wahlbezirk (name, wahlkreis) VALUES("vomBezirk Wandsbek der Stadtteil Eilbek", 19);
INSERT INTO Wahlbezirk (name, wahlkreis) VALUES("Bezirk Altona ohne Teile von Sternschanze", 20);
INSERT INTO Wahlbezirk (name, wahlkreis) VALUES("Bezirk Eimsbüttel", 21);
INSERT INTO Wahlbezirk (name, wahlkreis) VALUES("vom Bezirk Altona der Stadtteil Sternschanze (teilw.)", 21);
INSERT INTO Wahlbezirk (name, wahlkreis) VALUES("Vom Bezirk Hamburg-Nord die StadtteileAlsterdorf", 22);
INSERT INTO Wahlbezirk (name, wahlkreis) VALUES(" Eppendorf", 22);
INSERT INTO Wahlbezirk (name, wahlkreis) VALUES(" Fuhlsbüttel", 22);
INSERT INTO Wahlbezirk (name, wahlkreis) VALUES(" Groß Borstel", 22);
INSERT INTO Wahlbezirk (name, wahlkreis) VALUES(" Hoheluft-Ost", 22);
INSERT INTO Wahlbezirk (name, wahlkreis) VALUES(" Langenhorn", 22);
INSERT INTO Wahlbezirk (name, wahlkreis) VALUES(" Ohlsdorfund Winterhude", 22);
INSERT INTO Wahlbezirk (name, wahlkreis) VALUES("vom Bezirk Wandsbek die Stadtteile Hummelsbüttel", 22);
INSERT INTO Wahlbezirk (name, wahlkreis) VALUES(" Poppenbüttel", 22);
INSERT INTO Wahlbezirk (name, wahlkreis) VALUES("Sasel", 22);
INSERT INTO Wahlbezirk (name, wahlkreis) VALUES(" Wellingsbüttel", 22);
INSERT INTO Wahlbezirk (name, wahlkreis) VALUES(" Lemsahl-Mellingstedt", 22);
INSERT INTO Wahlbezirk (name, wahlkreis) VALUES("Duvenstedt", 22);
INSERT INTO Wahlbezirk (name, wahlkreis) VALUES(" Wohldorf-Ohlstedt und Bergstedt", 22);
INSERT INTO Wahlbezirk (name, wahlkreis) VALUES("Vom Bezirk Wandsbek die StadtteileSteilshoop", 23);
INSERT INTO Wahlbezirk (name, wahlkreis) VALUES(" Rahlstedt", 23);
INSERT INTO Wahlbezirk (name, wahlkreis) VALUES(" Bramfeld", 23);
INSERT INTO Wahlbezirk (name, wahlkreis) VALUES(" Wandsbek", 23);
INSERT INTO Wahlbezirk (name, wahlkreis) VALUES("Farmsen-Berne", 23);
INSERT INTO Wahlbezirk (name, wahlkreis) VALUES(" Volksdorf", 23);
INSERT INTO Wahlbezirk (name, wahlkreis) VALUES(" Marienthal", 23);
INSERT INTO Wahlbezirk (name, wahlkreis) VALUES("Jenfeld und Tonndorf", 23);
INSERT INTO Wahlbezirk (name, wahlkreis) VALUES("Bezirk Bergedorf", 24);
INSERT INTO Wahlbezirk (name, wahlkreis) VALUES(" Bezirk Harburg", 24);
INSERT INTO Wahlbezirk (name, wahlkreis) VALUES("vom Bezirk Hamburg-Mitte der Stadtteil Wilhelmsburg", 24);
INSERT INTO Wahlbezirk (name, wahlkreis) VALUES("Landkreis Aurich", 25);
INSERT INTO Wahlbezirk (name, wahlkreis) VALUES(" Emden", 25);
INSERT INTO Wahlbezirk (name, wahlkreis) VALUES("Landkreis Emsland (nördl. Teil)", 26);
INSERT INTO Wahlbezirk (name, wahlkreis) VALUES(" Landkreis Leer", 26);
INSERT INTO Wahlbezirk (name, wahlkreis) VALUES("Landkreis Friesland", 27);
INSERT INTO Wahlbezirk (name, wahlkreis) VALUES(" Wilhelmshaven", 27);
INSERT INTO Wahlbezirk (name, wahlkreis) VALUES("Landkreis Wittmund", 27);
INSERT INTO Wahlbezirk (name, wahlkreis) VALUES("Oldenburg", 28);
INSERT INTO Wahlbezirk (name, wahlkreis) VALUES(" Landkreis Ammerland", 28);
INSERT INTO Wahlbezirk (name, wahlkreis) VALUES("Delmenhorst", 29);
INSERT INTO Wahlbezirk (name, wahlkreis) VALUES(" Landkreis Wesermarsch", 29);
INSERT INTO Wahlbezirk (name, wahlkreis) VALUES("Landkreis Oldenburg", 29);
INSERT INTO Wahlbezirk (name, wahlkreis) VALUES("", 29);
INSERT INTO Wahlbezirk (name, wahlkreis) VALUES("Landkreis Cuxhaven", 30);
INSERT INTO Wahlbezirk (name, wahlkreis) VALUES(" Landkreis Stade (nördl. Teil)", 30);
INSERT INTO Wahlbezirk (name, wahlkreis) VALUES("Landkreis Stade (südl. Teil)", 31);
INSERT INTO Wahlbezirk (name, wahlkreis) VALUES(" Landkreis Rotenburg (Wümme) (nördl. Teil)", 31);
INSERT INTO Wahlbezirk (name, wahlkreis) VALUES("Landkreis Emsland (teilw.)", 32);
INSERT INTO Wahlbezirk (name, wahlkreis) VALUES(" Landkreis Grafschaft Bentheim", 32);
INSERT INTO Wahlbezirk (name, wahlkreis) VALUES("Landkreis Cloppenburg", 33);
INSERT INTO Wahlbezirk (name, wahlkreis) VALUES(" Landkreis Vechta", 33);
INSERT INTO Wahlbezirk (name, wahlkreis) VALUES("Landkreis Diepholz", 34);
INSERT INTO Wahlbezirk (name, wahlkreis) VALUES("vom Landkreis Nienburg/Weser die Samtgemeinden Eystrup", 34);
INSERT INTO Wahlbezirk (name, wahlkreis) VALUES("Uchte und Grafschaft Hoya", 34);
INSERT INTO Wahlbezirk (name, wahlkreis) VALUES("Landkreis Osterholz", 35);
INSERT INTO Wahlbezirk (name, wahlkreis) VALUES(" Landkreis Verden", 35);
INSERT INTO Wahlbezirk (name, wahlkreis) VALUES("Landkreis Rotenburg (Wümme) (südl. Teil)", 36);
INSERT INTO Wahlbezirk (name, wahlkreis) VALUES("Landkreis Soltau-Fallingbostel", 36);
INSERT INTO Wahlbezirk (name, wahlkreis) VALUES("Landkreis Harburg", 37);
INSERT INTO Wahlbezirk (name, wahlkreis) VALUES("Landkreis Lüchow-Dannenberg", 38);
INSERT INTO Wahlbezirk (name, wahlkreis) VALUES(" Landkreis Lüneburg", 38);
INSERT INTO Wahlbezirk (name, wahlkreis) VALUES("Landkreis Osnabrück ohne Belm", 39);
INSERT INTO Wahlbezirk (name, wahlkreis) VALUES("Georgsmarienhütte", 39);
INSERT INTO Wahlbezirk (name, wahlkreis) VALUES(" Hagen am Teutoburger Wald", 39);
INSERT INTO Wahlbezirk (name, wahlkreis) VALUES(" Hasbergen und Wallenhorst", 39);
INSERT INTO Wahlbezirk (name, wahlkreis) VALUES("Osnabrück", 40);
INSERT INTO Wahlbezirk (name, wahlkreis) VALUES("vom Landkreis Osnabrück die Gemeinden Belm", 40);
INSERT INTO Wahlbezirk (name, wahlkreis) VALUES(" Georgsmarienhütte", 40);
INSERT INTO Wahlbezirk (name, wahlkreis) VALUES(" Hagen am Teutoburger Wald", 40);
INSERT INTO Wahlbezirk (name, wahlkreis) VALUES(" Hasbergen undWallenhorst", 40);
INSERT INTO Wahlbezirk (name, wahlkreis) VALUES("Landkreis Nienburg/Weser ohne die Samtgemeinden Eystrup", 41);
INSERT INTO Wahlbezirk (name, wahlkreis) VALUES(" Uchte undGrafschaft Hoya", 41);
INSERT INTO Wahlbezirk (name, wahlkreis) VALUES(" Landkreis Schaumburg", 41);
INSERT INTO Wahlbezirk (name, wahlkreis) VALUES("Hannover (nördl. Teil)", 42);
INSERT INTO Wahlbezirk (name, wahlkreis) VALUES("Hannover (südl. Teil)", 43);
INSERT INTO Wahlbezirk (name, wahlkreis) VALUES("Burgdorf", 44);
INSERT INTO Wahlbezirk (name, wahlkreis) VALUES(" Burgwedel", 44);
INSERT INTO Wahlbezirk (name, wahlkreis) VALUES(" Garbsen", 44);
INSERT INTO Wahlbezirk (name, wahlkreis) VALUES(" Isernhagen", 44);
INSERT INTO Wahlbezirk (name, wahlkreis) VALUES("Langenhagen", 44);
INSERT INTO Wahlbezirk (name, wahlkreis) VALUES(" Neustadt am Rübenberge", 44);
INSERT INTO Wahlbezirk (name, wahlkreis) VALUES("Wedemark", 44);
INSERT INTO Wahlbezirk (name, wahlkreis) VALUES(" Wunstorf", 44);
INSERT INTO Wahlbezirk (name, wahlkreis) VALUES("Landkreis Celle", 45);
INSERT INTO Wahlbezirk (name, wahlkreis) VALUES(" Landkreis Uelzen", 45);
INSERT INTO Wahlbezirk (name, wahlkreis) VALUES("Landkreis Gifhorn ohne die SamtgemeindenBoldecker Land und Brome", 46);
INSERT INTO Wahlbezirk (name, wahlkreis) VALUES(" Landkreis Peine", 46);
INSERT INTO Wahlbezirk (name, wahlkreis) VALUES("Landkreis Hameln-Pyrmont", 47);
INSERT INTO Wahlbezirk (name, wahlkreis) VALUES(" Landkreis Holzminden", 47);
INSERT INTO Wahlbezirk (name, wahlkreis) VALUES("vom Landkreis Northeim die Gemeinden Bodenfelde und Uslar", 47);
INSERT INTO Wahlbezirk (name, wahlkreis) VALUES("Barsinghausen", 48);
INSERT INTO Wahlbezirk (name, wahlkreis) VALUES(" Gehrden", 48);
INSERT INTO Wahlbezirk (name, wahlkreis) VALUES(" Hemmingen", 48);
INSERT INTO Wahlbezirk (name, wahlkreis) VALUES("Laatzen", 48);
INSERT INTO Wahlbezirk (name, wahlkreis) VALUES(" Lehrte", 48);
INSERT INTO Wahlbezirk (name, wahlkreis) VALUES(" Pattensen", 48);
INSERT INTO Wahlbezirk (name, wahlkreis) VALUES(" Ronnenberg", 48);
INSERT INTO Wahlbezirk (name, wahlkreis) VALUES("Seelze", 48);
INSERT INTO Wahlbezirk (name, wahlkreis) VALUES(" Sehnde", 48);
INSERT INTO Wahlbezirk (name, wahlkreis) VALUES(" Springe", 48);
INSERT INTO Wahlbezirk (name, wahlkreis) VALUES(" Uetze", 48);
INSERT INTO Wahlbezirk (name, wahlkreis) VALUES(" Wennigsen", 48);
INSERT INTO Wahlbezirk (name, wahlkreis) VALUES("Landkreis Hildesheim", 49);
INSERT INTO Wahlbezirk (name, wahlkreis) VALUES("Salzgitter", 50);
INSERT INTO Wahlbezirk (name, wahlkreis) VALUES(" Landkreis Wolfenbüttel", 50);
INSERT INTO Wahlbezirk (name, wahlkreis) VALUES(" Landkreis Goslar (nördl. Teil)", 50);
INSERT INTO Wahlbezirk (name, wahlkreis) VALUES("Braunschweig", 51);
INSERT INTO Wahlbezirk (name, wahlkreis) VALUES("Landkreis Helmstedt", 52);
INSERT INTO Wahlbezirk (name, wahlkreis) VALUES(" Wolfsburg", 52);
INSERT INTO Wahlbezirk (name, wahlkreis) VALUES("vomLandkreis Gifhorn die SamtgemeindenBoldecker Land und Brome", 52);
INSERT INTO Wahlbezirk (name, wahlkreis) VALUES("Landkreis Goslar (südl. Teil)", 53);
INSERT INTO Wahlbezirk (name, wahlkreis) VALUES(" Landkreis Northeim ohne Bodenfelde und Uslar", 53);
INSERT INTO Wahlbezirk (name, wahlkreis) VALUES("vomLandkreis Osterode am Harz die GemeindeOsterode am Harz und die SamtgemeindenBad Grund und Hattorf", 53);
INSERT INTO Wahlbezirk (name, wahlkreis) VALUES("Landkreis Göttingen", 54);
INSERT INTO Wahlbezirk (name, wahlkreis) VALUES("vom Landkreis Osterode am Harz die Gemeinden Bad Lauterberg", 54);
INSERT INTO Wahlbezirk (name, wahlkreis) VALUES(" Bad Sachsa und Herzberg am Harz", 54);
INSERT INTO Wahlbezirk (name, wahlkreis) VALUES("Stadtbezirke Ost und Mitte", 55);
INSERT INTO Wahlbezirk (name, wahlkreis) VALUES("vom Stadtbezirk Süd Obervieland", 55);
INSERT INTO Wahlbezirk (name, wahlkreis) VALUES(" Huchting und Neustadt", 55);
INSERT INTO Wahlbezirk (name, wahlkreis) VALUES("Stadtbezirke West und Nord", 56);
INSERT INTO Wahlbezirk (name, wahlkreis) VALUES("vom Stadtbezirk Süd Woltmershausen", 56);
INSERT INTO Wahlbezirk (name, wahlkreis) VALUES(" Seehausen und Strom", 56);
INSERT INTO Wahlbezirk (name, wahlkreis) VALUES("Bremerhaven", 56);
INSERT INTO Wahlbezirk (name, wahlkreis) VALUES("Landkreis Prignitz", 57);
INSERT INTO Wahlbezirk (name, wahlkreis) VALUES(" Landkreis Ostprignitz-Ruppin", 57);
INSERT INTO Wahlbezirk (name, wahlkreis) VALUES("vom Landkreis Havelland die ÄmterFriesack und Rhinow", 57);
INSERT INTO Wahlbezirk (name, wahlkreis) VALUES("Landkreis Uckermark", 58);
INSERT INTO Wahlbezirk (name, wahlkreis) VALUES(" Landkreis Barnim(nördl. Teil)", 58);
INSERT INTO Wahlbezirk (name, wahlkreis) VALUES("Landkreis Oberhavel", 59);
INSERT INTO Wahlbezirk (name, wahlkreis) VALUES(" Landkreis Havelland(östl. Teil)", 59);
INSERT INTO Wahlbezirk (name, wahlkreis) VALUES("Landkreis Märkisch-Oderland", 60);
INSERT INTO Wahlbezirk (name, wahlkreis) VALUES(" Landkreis Barnim (südl. Teil)", 60);
INSERT INTO Wahlbezirk (name, wahlkreis) VALUES("Brandenburg an der Havel", 61);
INSERT INTO Wahlbezirk (name, wahlkreis) VALUES(" Landkreis Potsdam-Mittelmark (südl. Teil)", 61);
INSERT INTO Wahlbezirk (name, wahlkreis) VALUES(" Landkreis Havelland (südwestl. Teil)", 61);
INSERT INTO Wahlbezirk (name, wahlkreis) VALUES("vom Landkreis Teltow-Fläming die Gemeinden Jüterbog undNiedergörsdorf", 61);
INSERT INTO Wahlbezirk (name, wahlkreis) VALUES("Potsdam", 62);
INSERT INTO Wahlbezirk (name, wahlkreis) VALUES(" Landkreis Potsdam-Mittelmark(nordöstl. Teil)", 62);
INSERT INTO Wahlbezirk (name, wahlkreis) VALUES(" Landkreis Teltow-Fläming(nördl. Teil)", 62);
INSERT INTO Wahlbezirk (name, wahlkreis) VALUES("Landkreis Dahme-Spreewald", 63);
INSERT INTO Wahlbezirk (name, wahlkreis) VALUES(" Landkreis Teltow-Fläming (südl. Teil)", 63);
INSERT INTO Wahlbezirk (name, wahlkreis) VALUES("vom Landkreis Oberspreewald-Lausitz die GemeindeLübbenau", 63);
INSERT INTO Wahlbezirk (name, wahlkreis) VALUES("Frankfurt (Oder)", 64);
INSERT INTO Wahlbezirk (name, wahlkreis) VALUES("Landkreis Oder-Spree", 64);
INSERT INTO Wahlbezirk (name, wahlkreis) VALUES("Cottbus", 65);
INSERT INTO Wahlbezirk (name, wahlkreis) VALUES(" Landkreis Spree-Neiße", 65);
INSERT INTO Wahlbezirk (name, wahlkreis) VALUES("Landkreis Elbe-Elster", 66);
INSERT INTO Wahlbezirk (name, wahlkreis) VALUES(" Landkreis Oberspreewald-Lausitz ohne Lübbenau", 66);
INSERT INTO Wahlbezirk (name, wahlkreis) VALUES("Altmarkkreis Salzwedel", 67);
INSERT INTO Wahlbezirk (name, wahlkreis) VALUES(" Landkreis Stendal", 67);
INSERT INTO Wahlbezirk (name, wahlkreis) VALUES("Landkreis Börde", 68);
INSERT INTO Wahlbezirk (name, wahlkreis) VALUES(" Landkreis Jerichower Land", 68);
INSERT INTO Wahlbezirk (name, wahlkreis) VALUES("Landkreis Harz", 69);
INSERT INTO Wahlbezirk (name, wahlkreis) VALUES(" Salzlandkreis (südwestl. Teil)", 69);
INSERT INTO Wahlbezirk (name, wahlkreis) VALUES("Magdeburg", 70);
INSERT INTO Wahlbezirk (name, wahlkreis) VALUES(" Salzlandkreis (nordöstl. Teil)", 70);
INSERT INTO Wahlbezirk (name, wahlkreis) VALUES("Dessau-Roßlau", 71);
INSERT INTO Wahlbezirk (name, wahlkreis) VALUES(" Landkreis Wittenberg", 71);
INSERT INTO Wahlbezirk (name, wahlkreis) VALUES("Landkreis Anhalt-Bitterfeld", 72);
INSERT INTO Wahlbezirk (name, wahlkreis) VALUES(" Salzlandkreis(mittl. Teil)", 72);
INSERT INTO Wahlbezirk (name, wahlkreis) VALUES("Halle (Saale)", 73);
INSERT INTO Wahlbezirk (name, wahlkreis) VALUES(" Saalekreis (nordöstl. Teil)", 73);
INSERT INTO Wahlbezirk (name, wahlkreis) VALUES("Burgenlandkreis", 74);
INSERT INTO Wahlbezirk (name, wahlkreis) VALUES(" Saalekreis (südöstl. Teil)", 74);
INSERT INTO Wahlbezirk (name, wahlkreis) VALUES("Landkreis Mansfeld-Südharz", 75);
INSERT INTO Wahlbezirk (name, wahlkreis) VALUES(" Saalekreis(westl. Teil)", 75);
INSERT INTO Wahlbezirk (name, wahlkreis) VALUES("Bezirk Mitte", 76);
INSERT INTO Wahlbezirk (name, wahlkreis) VALUES("Bezirk Pankow ohne den südöstlichen Teil von Prenzlauer Berg", 77);
INSERT INTO Wahlbezirk (name, wahlkreis) VALUES("Bezirk Reinickendorf", 78);
INSERT INTO Wahlbezirk (name, wahlkreis) VALUES("Bezirk Spandau", 79);
INSERT INTO Wahlbezirk (name, wahlkreis) VALUES("vom Bezirk Charlottenburg-Wilmersdorf der Ortsteil Charlottenburg-Nord", 79);
INSERT INTO Wahlbezirk (name, wahlkreis) VALUES("Bezirk Steglitz-Zehlendorf", 80);
INSERT INTO Wahlbezirk (name, wahlkreis) VALUES("Bezirk Charlottenburg-Wilmersdorf ohneCharlottenburg-Nord", 81);
INSERT INTO Wahlbezirk (name, wahlkreis) VALUES("Bezirk Tempelhof-Schöneberg", 82);
INSERT INTO Wahlbezirk (name, wahlkreis) VALUES("Bezirk Neukölln", 83);
INSERT INTO Wahlbezirk (name, wahlkreis) VALUES("Bezirk Friedrichshain-Kreuzberg", 84);
INSERT INTO Wahlbezirk (name, wahlkreis) VALUES("vom Bezirk Pankow der südöstliche Teil von Prenzlauer Berg", 84);
INSERT INTO Wahlbezirk (name, wahlkreis) VALUES("Bezirk Treptow-Köpenick", 85);
INSERT INTO Wahlbezirk (name, wahlkreis) VALUES("Bezirk Marzahn-Hellersdorf", 86);
INSERT INTO Wahlbezirk (name, wahlkreis) VALUES("Bezirk Lichtenberg", 87);
INSERT INTO Wahlbezirk (name, wahlkreis) VALUES("Aachen", 88);
INSERT INTO Wahlbezirk (name, wahlkreis) VALUES("Städteregion Aachen", 89);
INSERT INTO Wahlbezirk (name, wahlkreis) VALUES("Kreis Heinsberg", 90);
INSERT INTO Wahlbezirk (name, wahlkreis) VALUES("Kreis Düren", 91);
INSERT INTO Wahlbezirk (name, wahlkreis) VALUES("Vom Rhein-Erft-Kreis die GemeindenBedburg", 92);
INSERT INTO Wahlbezirk (name, wahlkreis) VALUES(" Bergheim", 92);
INSERT INTO Wahlbezirk (name, wahlkreis) VALUES(" Pulheim", 92);
INSERT INTO Wahlbezirk (name, wahlkreis) VALUES(" Elsdorf", 92);
INSERT INTO Wahlbezirk (name, wahlkreis) VALUES("Frechen", 92);
INSERT INTO Wahlbezirk (name, wahlkreis) VALUES(" Hürth und Kerpen", 92);
INSERT INTO Wahlbezirk (name, wahlkreis) VALUES("Kreis Euskirchen", 93);
INSERT INTO Wahlbezirk (name, wahlkreis) VALUES("vom Rhein-Erft-Kreis die Gemeinden Brühl", 93);
INSERT INTO Wahlbezirk (name, wahlkreis) VALUES(" Erftstadt und Wesseling", 93);
INSERT INTO Wahlbezirk (name, wahlkreis) VALUES("Vom Stadtbezirk Innenstadt die StadtteileAltstadt-Nord", 94);
INSERT INTO Wahlbezirk (name, wahlkreis) VALUES(" Neustadt-Nord und Deutz", 94);
INSERT INTO Wahlbezirk (name, wahlkreis) VALUES("Stadtbezirke Porz und Kalk", 94);
INSERT INTO Wahlbezirk (name, wahlkreis) VALUES("Vom Stadtbezirk Innenstadt die StadtteileAltstadt-Süd und Neustadt-Süd", 95);
INSERT INTO Wahlbezirk (name, wahlkreis) VALUES("StadtbezirkeRodenkirchen und Lindenthal", 95);
INSERT INTO Wahlbezirk (name, wahlkreis) VALUES("Stadtbezirke Ehrenfeld", 96);
INSERT INTO Wahlbezirk (name, wahlkreis) VALUES(" Nippes undChorweiler", 96);
INSERT INTO Wahlbezirk (name, wahlkreis) VALUES("Bonn", 97);
INSERT INTO Wahlbezirk (name, wahlkreis) VALUES("Siegburg", 98);
INSERT INTO Wahlbezirk (name, wahlkreis) VALUES(" Troisdorf", 98);
INSERT INTO Wahlbezirk (name, wahlkreis) VALUES(" Eitorf", 98);
INSERT INTO Wahlbezirk (name, wahlkreis) VALUES(" Hennef", 98);
INSERT INTO Wahlbezirk (name, wahlkreis) VALUES(" Lohmar", 98);
INSERT INTO Wahlbezirk (name, wahlkreis) VALUES("Much", 98);
INSERT INTO Wahlbezirk (name, wahlkreis) VALUES(" Neunkirchen-Seelscheid", 98);
INSERT INTO Wahlbezirk (name, wahlkreis) VALUES("Niederkassel", 98);
INSERT INTO Wahlbezirk (name, wahlkreis) VALUES(" Ruppichteroth", 98);
INSERT INTO Wahlbezirk (name, wahlkreis) VALUES(" Windeck", 98);
INSERT INTO Wahlbezirk (name, wahlkreis) VALUES("Sankt Augustin", 99);
INSERT INTO Wahlbezirk (name, wahlkreis) VALUES(" Königswinter", 99);
INSERT INTO Wahlbezirk (name, wahlkreis) VALUES(" Alfter", 99);
INSERT INTO Wahlbezirk (name, wahlkreis) VALUES(" Bad Honnef", 99);
INSERT INTO Wahlbezirk (name, wahlkreis) VALUES(" Bornheim", 99);
INSERT INTO Wahlbezirk (name, wahlkreis) VALUES(" Meckenheim", 99);
INSERT INTO Wahlbezirk (name, wahlkreis) VALUES(" Rheinbach", 99);
INSERT INTO Wahlbezirk (name, wahlkreis) VALUES("Swisttal", 99);
INSERT INTO Wahlbezirk (name, wahlkreis) VALUES(" Wachtberg", 99);
INSERT INTO Wahlbezirk (name, wahlkreis) VALUES("Oberbergischer Kreis", 100);
INSERT INTO Wahlbezirk (name, wahlkreis) VALUES("Rheinisch-Bergischer Kreis", 101);
INSERT INTO Wahlbezirk (name, wahlkreis) VALUES("Leverkusen", 102);
INSERT INTO Wahlbezirk (name, wahlkreis) VALUES("von Köln der StadtbezirkMülheim", 102);
INSERT INTO Wahlbezirk (name, wahlkreis) VALUES("Wuppertal ohne die Stadtbezirke Cronenbergund Ronsdorf", 103);
INSERT INTO Wahlbezirk (name, wahlkreis) VALUES("Solingen", 104);
INSERT INTO Wahlbezirk (name, wahlkreis) VALUES(" Remscheid", 104);
INSERT INTO Wahlbezirk (name, wahlkreis) VALUES("von Wuppertal die Stadtbezirke Cronenberg und Ronsdorf", 104);
INSERT INTO Wahlbezirk (name, wahlkreis) VALUES("Vom Kreis Mettmann die Gemeinden Erkrath", 105);
INSERT INTO Wahlbezirk (name, wahlkreis) VALUES("Haan", 105);
INSERT INTO Wahlbezirk (name, wahlkreis) VALUES(" Hilden", 105);
INSERT INTO Wahlbezirk (name, wahlkreis) VALUES(" Langenfeld", 105);
INSERT INTO Wahlbezirk (name, wahlkreis) VALUES(" Mettmann undMonheim", 105);
INSERT INTO Wahlbezirk (name, wahlkreis) VALUES("Vom Kreis Mettmann die GemeindenRatingen", 106);
INSERT INTO Wahlbezirk (name, wahlkreis) VALUES(" Velbert", 106);
INSERT INTO Wahlbezirk (name, wahlkreis) VALUES(" Heiligenhaus und Wülfrath", 106);
INSERT INTO Wahlbezirk (name, wahlkreis) VALUES("Stadtbezirke 1", 107);
INSERT INTO Wahlbezirk (name, wahlkreis) VALUES(" 2", 107);
INSERT INTO Wahlbezirk (name, wahlkreis) VALUES(" 4", 107);
INSERT INTO Wahlbezirk (name, wahlkreis) VALUES(" 5", 107);
INSERT INTO Wahlbezirk (name, wahlkreis) VALUES(" 6", 107);
INSERT INTO Wahlbezirk (name, wahlkreis) VALUES(" 7", 107);
INSERT INTO Wahlbezirk (name, wahlkreis) VALUES("Stadtbezirke 3", 108);
INSERT INTO Wahlbezirk (name, wahlkreis) VALUES(" 8", 108);
INSERT INTO Wahlbezirk (name, wahlkreis) VALUES(" 9", 108);
INSERT INTO Wahlbezirk (name, wahlkreis) VALUES(" 10", 108);
INSERT INTO Wahlbezirk (name, wahlkreis) VALUES("Vom Rhein-Kreis Neuss die GemeindenDormagen", 109);
INSERT INTO Wahlbezirk (name, wahlkreis) VALUES(" Grevenbroich", 109);
INSERT INTO Wahlbezirk (name, wahlkreis) VALUES(" Neuss undRommerskirchen", 109);
INSERT INTO Wahlbezirk (name, wahlkreis) VALUES("Mönchengladbach", 110);
INSERT INTO Wahlbezirk (name, wahlkreis) VALUES("Von Krefeld die Stadtbezirke West", 111);
INSERT INTO Wahlbezirk (name, wahlkreis) VALUES("Süd", 111);
INSERT INTO Wahlbezirk (name, wahlkreis) VALUES("Fischeln", 111);
INSERT INTO Wahlbezirk (name, wahlkreis) VALUES("Oppum-Linn und Uerdingen", 111);
INSERT INTO Wahlbezirk (name, wahlkreis) VALUES("vomRhein-Kreis Neuss die Gemeinden Jüchen", 111);
INSERT INTO Wahlbezirk (name, wahlkreis) VALUES("Kaarst", 111);
INSERT INTO Wahlbezirk (name, wahlkreis) VALUES(" Meerbusch und Korschenbroich", 111);
INSERT INTO Wahlbezirk (name, wahlkreis) VALUES("Kreis Viersen", 112);
INSERT INTO Wahlbezirk (name, wahlkreis) VALUES("Kreis Kleve", 113);
INSERT INTO Wahlbezirk (name, wahlkreis) VALUES("Alpen", 114);
INSERT INTO Wahlbezirk (name, wahlkreis) VALUES(" Wesel", 114);
INSERT INTO Wahlbezirk (name, wahlkreis) VALUES(" Hamminkeln", 114);
INSERT INTO Wahlbezirk (name, wahlkreis) VALUES(" Hünxe", 114);
INSERT INTO Wahlbezirk (name, wahlkreis) VALUES(" Kamp-Lintfort", 114);
INSERT INTO Wahlbezirk (name, wahlkreis) VALUES(" Schermbeck", 114);
INSERT INTO Wahlbezirk (name, wahlkreis) VALUES(" Voerde", 114);
INSERT INTO Wahlbezirk (name, wahlkreis) VALUES(" Xanten", 114);
INSERT INTO Wahlbezirk (name, wahlkreis) VALUES("Rheinberg", 114);
INSERT INTO Wahlbezirk (name, wahlkreis) VALUES(" Sonsbeck", 114);
INSERT INTO Wahlbezirk (name, wahlkreis) VALUES("Von Krefeld die Stadtbezirke Nord", 115);
INSERT INTO Wahlbezirk (name, wahlkreis) VALUES("Hüls", 115);
INSERT INTO Wahlbezirk (name, wahlkreis) VALUES("Mitte und Ost", 115);
INSERT INTO Wahlbezirk (name, wahlkreis) VALUES("vom Kreis Wesel die Gemeinden Moers und Neukirchen-Vluyn", 115);
INSERT INTO Wahlbezirk (name, wahlkreis) VALUES("Stadtbezirke Mitte", 116);
INSERT INTO Wahlbezirk (name, wahlkreis) VALUES(" Rheinhausen und Süd", 116);
INSERT INTO Wahlbezirk (name, wahlkreis) VALUES("Stadtbezirke Walsum", 117);
INSERT INTO Wahlbezirk (name, wahlkreis) VALUES(" Hamborn", 117);
INSERT INTO Wahlbezirk (name, wahlkreis) VALUES("Meiderich/Beeck und Homberg/Ruhrort/Baerl", 117);
INSERT INTO Wahlbezirk (name, wahlkreis) VALUES("Oberhausen", 118);
INSERT INTO Wahlbezirk (name, wahlkreis) VALUES("vom Kreis Wesel die StadtDinslaken", 118);
INSERT INTO Wahlbezirk (name, wahlkreis) VALUES("Mülheim an der Ruhr", 119);
INSERT INTO Wahlbezirk (name, wahlkreis) VALUES("von Essen der Stadtbezirk IV", 119);
INSERT INTO Wahlbezirk (name, wahlkreis) VALUES("Stadtbezirke I", 120);
INSERT INTO Wahlbezirk (name, wahlkreis) VALUES("V", 120);
INSERT INTO Wahlbezirk (name, wahlkreis) VALUES("VI und VII", 120);
INSERT INTO Wahlbezirk (name, wahlkreis) VALUES("Stadtbezirke II", 121);
INSERT INTO Wahlbezirk (name, wahlkreis) VALUES("III", 121);
INSERT INTO Wahlbezirk (name, wahlkreis) VALUES("VIII und IX", 121);
INSERT INTO Wahlbezirk (name, wahlkreis) VALUES("Castrop-Rauxel", 122);
INSERT INTO Wahlbezirk (name, wahlkreis) VALUES(" Recklinghausen und Waltrop", 122);
INSERT INTO Wahlbezirk (name, wahlkreis) VALUES("Datteln", 123);
INSERT INTO Wahlbezirk (name, wahlkreis) VALUES(" Haltern", 123);
INSERT INTO Wahlbezirk (name, wahlkreis) VALUES(" Herten", 123);
INSERT INTO Wahlbezirk (name, wahlkreis) VALUES(" Marl", 123);
INSERT INTO Wahlbezirk (name, wahlkreis) VALUES(" Oer-Erkenschwick", 123);
INSERT INTO Wahlbezirk (name, wahlkreis) VALUES("Gelsenkirchen", 124);
INSERT INTO Wahlbezirk (name, wahlkreis) VALUES("Vom Kreis Steinfurt die Gemeinden Horstmar", 125);
INSERT INTO Wahlbezirk (name, wahlkreis) VALUES("Metelen", 125);
INSERT INTO Wahlbezirk (name, wahlkreis) VALUES(" Neuenkirchen", 125);
INSERT INTO Wahlbezirk (name, wahlkreis) VALUES(" Ochtrup", 125);
INSERT INTO Wahlbezirk (name, wahlkreis) VALUES(" Rheine", 125);
INSERT INTO Wahlbezirk (name, wahlkreis) VALUES("Steinfurt und Wettringen", 125);
INSERT INTO Wahlbezirk (name, wahlkreis) VALUES("vom Kreis Borkendie Gemeinden Ahaus", 125);
INSERT INTO Wahlbezirk (name, wahlkreis) VALUES(" Gronau", 125);
INSERT INTO Wahlbezirk (name, wahlkreis) VALUES(" Heek", 125);
INSERT INTO Wahlbezirk (name, wahlkreis) VALUES(" Legdenund Schöppingen", 125);
INSERT INTO Wahlbezirk (name, wahlkreis) VALUES("Bottrop", 126);
INSERT INTO Wahlbezirk (name, wahlkreis) VALUES("vom Kreis Recklinghausen die Gemeinden Gladbeck und Dorsten", 126);
INSERT INTO Wahlbezirk (name, wahlkreis) VALUES("Vom Kreis Borken die Gemeinden Bocholt", 127);
INSERT INTO Wahlbezirk (name, wahlkreis) VALUES("Borken", 127);
INSERT INTO Wahlbezirk (name, wahlkreis) VALUES(" Gescher", 127);
INSERT INTO Wahlbezirk (name, wahlkreis) VALUES(" Isselburg", 127);
INSERT INTO Wahlbezirk (name, wahlkreis) VALUES(" Rhede", 127);
INSERT INTO Wahlbezirk (name, wahlkreis) VALUES("Stadtlohn", 127);
INSERT INTO Wahlbezirk (name, wahlkreis) VALUES(" Südlohn", 127);
INSERT INTO Wahlbezirk (name, wahlkreis) VALUES(" Velen", 127);
INSERT INTO Wahlbezirk (name, wahlkreis) VALUES(" Vreden Heiden", 127);
INSERT INTO Wahlbezirk (name, wahlkreis) VALUES("Raesfeld und Reken", 127);
INSERT INTO Wahlbezirk (name, wahlkreis) VALUES("Kreis Coesfeld", 128);
INSERT INTO Wahlbezirk (name, wahlkreis) VALUES("vom Kreis Steinfurt die Gemeinden Altenberge", 128);
INSERT INTO Wahlbezirk (name, wahlkreis) VALUES(" Laer und Nordwalde", 128);
INSERT INTO Wahlbezirk (name, wahlkreis) VALUES("Emsdetten", 129);
INSERT INTO Wahlbezirk (name, wahlkreis) VALUES(" Greven", 129);
INSERT INTO Wahlbezirk (name, wahlkreis) VALUES(" Hörstel", 129);
INSERT INTO Wahlbezirk (name, wahlkreis) VALUES(" Hopsten", 129);
INSERT INTO Wahlbezirk (name, wahlkreis) VALUES("Ibbenbüren", 129);
INSERT INTO Wahlbezirk (name, wahlkreis) VALUES(" Ladbergen", 129);
INSERT INTO Wahlbezirk (name, wahlkreis) VALUES(" Lengerich", 129);
INSERT INTO Wahlbezirk (name, wahlkreis) VALUES(" Lienen", 129);
INSERT INTO Wahlbezirk (name, wahlkreis) VALUES("Lotte", 129);
INSERT INTO Wahlbezirk (name, wahlkreis) VALUES(" Mettingen", 129);
INSERT INTO Wahlbezirk (name, wahlkreis) VALUES(" Recke", 129);
INSERT INTO Wahlbezirk (name, wahlkreis) VALUES(" Saerbeck", 129);
INSERT INTO Wahlbezirk (name, wahlkreis) VALUES("Tecklenburg und Westerkappeln", 129);
INSERT INTO Wahlbezirk (name, wahlkreis) VALUES("Münster", 130);
INSERT INTO Wahlbezirk (name, wahlkreis) VALUES("Kreis Warendorf", 131);
INSERT INTO Wahlbezirk (name, wahlkreis) VALUES("Kreis Gütersloh ohne Werther und Schloß Holte-Stukenbrock", 132);
INSERT INTO Wahlbezirk (name, wahlkreis) VALUES("Bielefeld", 133);
INSERT INTO Wahlbezirk (name, wahlkreis) VALUES("vom Kreis Gütersloh die GemeindeWerther", 133);
INSERT INTO Wahlbezirk (name, wahlkreis) VALUES("Kreis Herford", 134);
INSERT INTO Wahlbezirk (name, wahlkreis) VALUES("vom Kreis Minden-Lübbeckedie Gemeinde Bad Oeynhausen", 134);
INSERT INTO Wahlbezirk (name, wahlkreis) VALUES("Kreis Minden-Lübbecke ohne Bad Oeynhausen", 135);
INSERT INTO Wahlbezirk (name, wahlkreis) VALUES("Lemgo", 136);
INSERT INTO Wahlbezirk (name, wahlkreis) VALUES(" Lage", 136);
INSERT INTO Wahlbezirk (name, wahlkreis) VALUES(" Bad Salzuflen", 136);
INSERT INTO Wahlbezirk (name, wahlkreis) VALUES(" Oerlinghausen", 136);
INSERT INTO Wahlbezirk (name, wahlkreis) VALUES("Leopoldshöhe", 136);
INSERT INTO Wahlbezirk (name, wahlkreis) VALUES(" Barntrup", 136);
INSERT INTO Wahlbezirk (name, wahlkreis) VALUES(" Blomberg", 136);
INSERT INTO Wahlbezirk (name, wahlkreis) VALUES("Dörentrup", 136);
INSERT INTO Wahlbezirk (name, wahlkreis) VALUES(" Kalletal und Extertal", 136);
INSERT INTO Wahlbezirk (name, wahlkreis) VALUES("Kreis Höxter", 137);
INSERT INTO Wahlbezirk (name, wahlkreis) VALUES("vom Kreis Lippe die GemeindenDetmold", 137);
INSERT INTO Wahlbezirk (name, wahlkreis) VALUES(" Augustdorf", 137);
INSERT INTO Wahlbezirk (name, wahlkreis) VALUES(" Horn-Bad Meinberg", 137);
INSERT INTO Wahlbezirk (name, wahlkreis) VALUES("Lügde", 137);
INSERT INTO Wahlbezirk (name, wahlkreis) VALUES(" Schieder-Schwalenberg undSchlangen", 137);
INSERT INTO Wahlbezirk (name, wahlkreis) VALUES("Kreis Paderborn", 138);
INSERT INTO Wahlbezirk (name, wahlkreis) VALUES("vom Kreis Gütersloh die Gemeinde Schloß Holte-Stukenbrock", 138);
INSERT INTO Wahlbezirk (name, wahlkreis) VALUES("Hagen", 139);
INSERT INTO Wahlbezirk (name, wahlkreis) VALUES("vom Ennepe-Ruhr-Kreis die Gemeinden Breckerfeld", 139);
INSERT INTO Wahlbezirk (name, wahlkreis) VALUES(" Gevelsberg", 139);
INSERT INTO Wahlbezirk (name, wahlkreis) VALUES("Schwelm und Ennepetal", 139);
INSERT INTO Wahlbezirk (name, wahlkreis) VALUES("Vom Ennepe-Ruhr-Kreis die GemeindenHattingen", 140);
INSERT INTO Wahlbezirk (name, wahlkreis) VALUES(" Herdecke", 140);
INSERT INTO Wahlbezirk (name, wahlkreis) VALUES(" Sprockhövel", 140);
INSERT INTO Wahlbezirk (name, wahlkreis) VALUES(" Wetterund Witten", 140);
INSERT INTO Wahlbezirk (name, wahlkreis) VALUES("Von Bochum die Stadtbezirke Mitte", 141);
INSERT INTO Wahlbezirk (name, wahlkreis) VALUES("Wattenscheid", 141);
INSERT INTO Wahlbezirk (name, wahlkreis) VALUES("Süd und Südwest", 141);
INSERT INTO Wahlbezirk (name, wahlkreis) VALUES("Herne", 142);
INSERT INTO Wahlbezirk (name, wahlkreis) VALUES("von Bochum die Stadtbezirke Nord und Ost", 142);
INSERT INTO Wahlbezirk (name, wahlkreis) VALUES("Stadtbezirke Innenstadt-West", 143);
INSERT INTO Wahlbezirk (name, wahlkreis) VALUES(" Innenstadt-Ost", 143);
INSERT INTO Wahlbezirk (name, wahlkreis) VALUES(" Hombruch", 143);
INSERT INTO Wahlbezirk (name, wahlkreis) VALUES(" Huckarde", 143);
INSERT INTO Wahlbezirk (name, wahlkreis) VALUES(" Lütgendortmundund Mengede", 143);
INSERT INTO Wahlbezirk (name, wahlkreis) VALUES("Stadtbezirke Innenstadt-Nord", 144);
INSERT INTO Wahlbezirk (name, wahlkreis) VALUES(" Eving", 144);
INSERT INTO Wahlbezirk (name, wahlkreis) VALUES("Aplerbeck", 144);
INSERT INTO Wahlbezirk (name, wahlkreis) VALUES(" Brackel", 144);
INSERT INTO Wahlbezirk (name, wahlkreis) VALUES(" Hörde und Scharnhorst", 144);
INSERT INTO Wahlbezirk (name, wahlkreis) VALUES("Unna", 145);
INSERT INTO Wahlbezirk (name, wahlkreis) VALUES(" Kamen", 145);
INSERT INTO Wahlbezirk (name, wahlkreis) VALUES(" Bergkamen", 145);
INSERT INTO Wahlbezirk (name, wahlkreis) VALUES(" Bönen", 145);
INSERT INTO Wahlbezirk (name, wahlkreis) VALUES("Fröndenberg", 145);
INSERT INTO Wahlbezirk (name, wahlkreis) VALUES(" Holzwickede und Schwerte", 145);
INSERT INTO Wahlbezirk (name, wahlkreis) VALUES("Hamm", 146);
INSERT INTO Wahlbezirk (name, wahlkreis) VALUES("vom Kreis Unna die GemeindenLünen", 146);
INSERT INTO Wahlbezirk (name, wahlkreis) VALUES(" Selm und Werne", 146);
INSERT INTO Wahlbezirk (name, wahlkreis) VALUES("Kreis Soest", 147);
INSERT INTO Wahlbezirk (name, wahlkreis) VALUES("Hochsauerlandkreis", 148);
INSERT INTO Wahlbezirk (name, wahlkreis) VALUES("Kreis Siegen-Wittgenstein", 149);
INSERT INTO Wahlbezirk (name, wahlkreis) VALUES("Kreis Olpe", 150);
INSERT INTO Wahlbezirk (name, wahlkreis) VALUES("vom Märkischen Kreis die Gemeinden Lüdenscheid", 150);
INSERT INTO Wahlbezirk (name, wahlkreis) VALUES(" Meinerzhagen", 150);
INSERT INTO Wahlbezirk (name, wahlkreis) VALUES("Kierspe", 150);
INSERT INTO Wahlbezirk (name, wahlkreis) VALUES(" Halver", 150);
INSERT INTO Wahlbezirk (name, wahlkreis) VALUES(" Herscheid undSchalksmühle", 150);
INSERT INTO Wahlbezirk (name, wahlkreis) VALUES("Iserlohn", 151);
INSERT INTO Wahlbezirk (name, wahlkreis) VALUES(" Altena", 151);
INSERT INTO Wahlbezirk (name, wahlkreis) VALUES(" Plettenberg", 151);
INSERT INTO Wahlbezirk (name, wahlkreis) VALUES(" Werdohl", 151);
INSERT INTO Wahlbezirk (name, wahlkreis) VALUES(" Balve", 151);
INSERT INTO Wahlbezirk (name, wahlkreis) VALUES("Hemer", 151);
INSERT INTO Wahlbezirk (name, wahlkreis) VALUES(" Menden", 151);
INSERT INTO Wahlbezirk (name, wahlkreis) VALUES(" Nachrodt-Wiblingwerde undNeuenrade", 151);
INSERT INTO Wahlbezirk (name, wahlkreis) VALUES("Landkreis Nordsachsen", 152);
INSERT INTO Wahlbezirk (name, wahlkreis) VALUES("Stadtbezirke Alt-West", 153);
INSERT INTO Wahlbezirk (name, wahlkreis) VALUES("Nord", 153);
INSERT INTO Wahlbezirk (name, wahlkreis) VALUES("Nordost", 153);
INSERT INTO Wahlbezirk (name, wahlkreis) VALUES("Nordwest", 153);
INSERT INTO Wahlbezirk (name, wahlkreis) VALUES("Ost", 153);
INSERT INTO Wahlbezirk (name, wahlkreis) VALUES("Stadtbezirke Mitte", 154);
INSERT INTO Wahlbezirk (name, wahlkreis) VALUES("Süd", 154);
INSERT INTO Wahlbezirk (name, wahlkreis) VALUES("Südost", 154);
INSERT INTO Wahlbezirk (name, wahlkreis) VALUES("Südwest", 154);
INSERT INTO Wahlbezirk (name, wahlkreis) VALUES("West", 154);
INSERT INTO Wahlbezirk (name, wahlkreis) VALUES("Landkreis Leipzig", 155);
INSERT INTO Wahlbezirk (name, wahlkreis) VALUES("Landkreis Meißen", 156);
INSERT INTO Wahlbezirk (name, wahlkreis) VALUES("Landkreis Bautzen ohne Arnsdorf", 157);
INSERT INTO Wahlbezirk (name, wahlkreis) VALUES(" Ottendorf-Okrilla", 157);
INSERT INTO Wahlbezirk (name, wahlkreis) VALUES(" Radeberg", 157);
INSERT INTO Wahlbezirk (name, wahlkreis) VALUES(" Wachau", 157);
INSERT INTO Wahlbezirk (name, wahlkreis) VALUES(" Großröhrsdorfund Bretnig-Hauswalde", 157);
INSERT INTO Wahlbezirk (name, wahlkreis) VALUES("Landkreis Görlitz", 158);
INSERT INTO Wahlbezirk (name, wahlkreis) VALUES("Landkreis Sächsische Schweiz-Osterzgebirge", 159);
INSERT INTO Wahlbezirk (name, wahlkreis) VALUES("Dresden (südl. Teil)", 160);
INSERT INTO Wahlbezirk (name, wahlkreis) VALUES("Dresden (nördl. Teil)", 161);
INSERT INTO Wahlbezirk (name, wahlkreis) VALUES("vom Landkreis Bautzendie Gemeinden Arnsdorf", 161);
INSERT INTO Wahlbezirk (name, wahlkreis) VALUES(" Ottendorf-Okrilla", 161);
INSERT INTO Wahlbezirk (name, wahlkreis) VALUES("Radeberg", 161);
INSERT INTO Wahlbezirk (name, wahlkreis) VALUES(" Wachau", 161);
INSERT INTO Wahlbezirk (name, wahlkreis) VALUES(" Großröhrsdorf undBretnig-Hauswalde", 161);
INSERT INTO Wahlbezirk (name, wahlkreis) VALUES("Landkreis Mittelsachsen (östl. Teil)", 162);
INSERT INTO Wahlbezirk (name, wahlkreis) VALUES("Chemnitz", 163);
INSERT INTO Wahlbezirk (name, wahlkreis) VALUES("Landkreis Mittelsachsen (westl. Teil)", 164);
INSERT INTO Wahlbezirk (name, wahlkreis) VALUES("Landkreis Zwickau (östl. Teil)", 164);
INSERT INTO Wahlbezirk (name, wahlkreis) VALUES("Erzgebirgskreis (nördl. Teil)", 164);
INSERT INTO Wahlbezirk (name, wahlkreis) VALUES("Erzgebirgskreis (südl. Teil)", 165);
INSERT INTO Wahlbezirk (name, wahlkreis) VALUES("Landkreis Zwickau (westl. Teil)", 166);
INSERT INTO Wahlbezirk (name, wahlkreis) VALUES("Vogtlandkreis", 167);
INSERT INTO Wahlbezirk (name, wahlkreis) VALUES("Landkreis Waldeck-Frankenberg (nördl. Teil)", 168);
INSERT INTO Wahlbezirk (name, wahlkreis) VALUES("Landkreis Kassel (westl. Teil)", 168);
INSERT INTO Wahlbezirk (name, wahlkreis) VALUES("Kassel", 169);
INSERT INTO Wahlbezirk (name, wahlkreis) VALUES(" Landkreis Kassel (östl. Teil)", 169);
INSERT INTO Wahlbezirk (name, wahlkreis) VALUES("Werra-Meißner-Kreis", 170);
INSERT INTO Wahlbezirk (name, wahlkreis) VALUES(" Landkreis Hersfeld-Rotenburg", 170);
INSERT INTO Wahlbezirk (name, wahlkreis) VALUES("Schwalm-Eder-Kreis", 171);
INSERT INTO Wahlbezirk (name, wahlkreis) VALUES(" Landkreis Waldeck-Frankenberg (südl. Teil)", 171);
INSERT INTO Wahlbezirk (name, wahlkreis) VALUES("Landkreis Marburg-Biedenkopf", 172);
INSERT INTO Wahlbezirk (name, wahlkreis) VALUES("Lahn-Dill-Kreis", 173);
INSERT INTO Wahlbezirk (name, wahlkreis) VALUES("vom Landkreis Gießen die Gemeinden Biebertal und Wettenberg", 173);
INSERT INTO Wahlbezirk (name, wahlkreis) VALUES("Landkreis Gießen ohne Biebertal undWettenberg", 174);
INSERT INTO Wahlbezirk (name, wahlkreis) VALUES(" Vogelsbergkreis (nordwestl. Teil)", 174);
INSERT INTO Wahlbezirk (name, wahlkreis) VALUES("Landkreis Fulda", 175);
INSERT INTO Wahlbezirk (name, wahlkreis) VALUES(" Vogelsbergkreis (südöstl. Teil)", 175);
INSERT INTO Wahlbezirk (name, wahlkreis) VALUES(" Main-Kinzig-Kreis (nordöstl. Teil)", 175);
INSERT INTO Wahlbezirk (name, wahlkreis) VALUES("Hochtaunuskreis (nördl. Teil)", 176);
INSERT INTO Wahlbezirk (name, wahlkreis) VALUES(" Landkreis Limburg-Weilburg (östl. Teil)", 176);
INSERT INTO Wahlbezirk (name, wahlkreis) VALUES("", 176);
INSERT INTO Wahlbezirk (name, wahlkreis) VALUES("Wetteraukreis", 177);
INSERT INTO Wahlbezirk (name, wahlkreis) VALUES("vom Main-Kinzig-Kreis die Gemeinden Bad Soden-Salmünster", 177);
INSERT INTO Wahlbezirk (name, wahlkreis) VALUES(" Brachttalund Wächtersbach", 177);
INSERT INTO Wahlbezirk (name, wahlkreis) VALUES("Rheingau-Taunus-Kreis", 178);
INSERT INTO Wahlbezirk (name, wahlkreis) VALUES(" Landkreis Limburg-Weilburg (westl. Teil)", 178);
INSERT INTO Wahlbezirk (name, wahlkreis) VALUES("Wiesbaden", 179);
INSERT INTO Wahlbezirk (name, wahlkreis) VALUES("Main-Kinzig-Kreis (südl. Teil)", 180);
INSERT INTO Wahlbezirk (name, wahlkreis) VALUES("Main-Taunus-Kreis", 181);
INSERT INTO Wahlbezirk (name, wahlkreis) VALUES("vom Hochtaunuskreis die Gemeinden Königstein", 181);
INSERT INTO Wahlbezirk (name, wahlkreis) VALUES(" Kronberg undSteinbach", 181);
INSERT INTO Wahlbezirk (name, wahlkreis) VALUES("Höchst", 182);
INSERT INTO Wahlbezirk (name, wahlkreis) VALUES(" Altstadt", 182);
INSERT INTO Wahlbezirk (name, wahlkreis) VALUES(" Bahnhofsviertel", 182);
INSERT INTO Wahlbezirk (name, wahlkreis) VALUES("Bockenheim", 182);
INSERT INTO Wahlbezirk (name, wahlkreis) VALUES(" Dornbusch", 182);
INSERT INTO Wahlbezirk (name, wahlkreis) VALUES(" Eschersheim", 182);
INSERT INTO Wahlbezirk (name, wahlkreis) VALUES("Innenstadt", 182);
INSERT INTO Wahlbezirk (name, wahlkreis) VALUES(" Gutleutviertel", 182);
INSERT INTO Wahlbezirk (name, wahlkreis) VALUES(" Gallusviertel", 182);
INSERT INTO Wahlbezirk (name, wahlkreis) VALUES("Westend", 182);
INSERT INTO Wahlbezirk (name, wahlkreis) VALUES(" Ginnheim", 182);
INSERT INTO Wahlbezirk (name, wahlkreis) VALUES(" Griesheim", 182);
INSERT INTO Wahlbezirk (name, wahlkreis) VALUES(" Nied", 182);
INSERT INTO Wahlbezirk (name, wahlkreis) VALUES("Sindlingen", 182);
INSERT INTO Wahlbezirk (name, wahlkreis) VALUES(" Zeilsheim", 182);
INSERT INTO Wahlbezirk (name, wahlkreis) VALUES(" Unterliederbach", 182);
INSERT INTO Wahlbezirk (name, wahlkreis) VALUES("Sossenheim", 182);
INSERT INTO Wahlbezirk (name, wahlkreis) VALUES(" Rödelheim", 182);
INSERT INTO Wahlbezirk (name, wahlkreis) VALUES(" Hausen", 182);
INSERT INTO Wahlbezirk (name, wahlkreis) VALUES("Praunheim", 182);
INSERT INTO Wahlbezirk (name, wahlkreis) VALUES(" Niederursel und Heddernheim", 182);
INSERT INTO Wahlbezirk (name, wahlkreis) VALUES("Nordend", 183);
INSERT INTO Wahlbezirk (name, wahlkreis) VALUES(" Ostend", 183);
INSERT INTO Wahlbezirk (name, wahlkreis) VALUES(" Bornheim", 183);
INSERT INTO Wahlbezirk (name, wahlkreis) VALUES(" Seckbach", 183);
INSERT INTO Wahlbezirk (name, wahlkreis) VALUES("Eckenheim", 183);
INSERT INTO Wahlbezirk (name, wahlkreis) VALUES(" Preungesheim", 183);
INSERT INTO Wahlbezirk (name, wahlkreis) VALUES(" Bonames", 183);
INSERT INTO Wahlbezirk (name, wahlkreis) VALUES("Berkersheim", 183);
INSERT INTO Wahlbezirk (name, wahlkreis) VALUES(" Fechenheim", 183);
INSERT INTO Wahlbezirk (name, wahlkreis) VALUES(" Oberrad", 183);
INSERT INTO Wahlbezirk (name, wahlkreis) VALUES("Riederwald", 183);
INSERT INTO Wahlbezirk (name, wahlkreis) VALUES(" Frankfurter Berg", 183);
INSERT INTO Wahlbezirk (name, wahlkreis) VALUES(" Nieder-Erlenbach", 183);
INSERT INTO Wahlbezirk (name, wahlkreis) VALUES(" Nieder-Eschbach", 183);
INSERT INTO Wahlbezirk (name, wahlkreis) VALUES(" Bergen-Enkheim", 183);
INSERT INTO Wahlbezirk (name, wahlkreis) VALUES(" Harheim", 183);
INSERT INTO Wahlbezirk (name, wahlkreis) VALUES(" Kalbach", 183);
INSERT INTO Wahlbezirk (name, wahlkreis) VALUES(" Sachsenhausen", 183);
INSERT INTO Wahlbezirk (name, wahlkreis) VALUES("Niederrad und Schwanheim", 183);
INSERT INTO Wahlbezirk (name, wahlkreis) VALUES("Landkreis Groß-Gerau", 184);
INSERT INTO Wahlbezirk (name, wahlkreis) VALUES("Offenbach am Main", 185);
INSERT INTO Wahlbezirk (name, wahlkreis) VALUES(" Landkreis Offenbach(westl. Teil)", 185);
INSERT INTO Wahlbezirk (name, wahlkreis) VALUES("Darmstadt", 186);
INSERT INTO Wahlbezirk (name, wahlkreis) VALUES(" Landkreis Darmstadt-Dieburg(westl. Teil.)", 186);
INSERT INTO Wahlbezirk (name, wahlkreis) VALUES("Odenwaldkreis", 187);
INSERT INTO Wahlbezirk (name, wahlkreis) VALUES(" Landkreis Darmstadt-Dieburg(östl. Teil)", 187);
INSERT INTO Wahlbezirk (name, wahlkreis) VALUES(" Landkreis Offenbach (östl. Teil)", 187);
INSERT INTO Wahlbezirk (name, wahlkreis) VALUES("Landkreis Bergstraße", 188);
INSERT INTO Wahlbezirk (name, wahlkreis) VALUES("Landkreis Eichsfeld", 189);
INSERT INTO Wahlbezirk (name, wahlkreis) VALUES(" Landkreis Nordhausen", 189);
INSERT INTO Wahlbezirk (name, wahlkreis) VALUES("Unstrut-Hainich-Kreis (nordwestl. Teil)", 189);
INSERT INTO Wahlbezirk (name, wahlkreis) VALUES("Eisenach", 190);
INSERT INTO Wahlbezirk (name, wahlkreis) VALUES(" Wartburgkreis", 190);
INSERT INTO Wahlbezirk (name, wahlkreis) VALUES(" Unstrut-Hainich-Kreis (südöstl. Teil)", 190);
INSERT INTO Wahlbezirk (name, wahlkreis) VALUES("Kyffhäuserkreis", 191);
INSERT INTO Wahlbezirk (name, wahlkreis) VALUES(" Landkreis Sömmerda", 191);
INSERT INTO Wahlbezirk (name, wahlkreis) VALUES("Landkreis Weimarer Land ohne dieVerwaltungsgemeinschaft Grammetal", 191);
INSERT INTO Wahlbezirk (name, wahlkreis) VALUES("Landkreis Gotha", 192);
INSERT INTO Wahlbezirk (name, wahlkreis) VALUES(" Ilm-Kreis", 192);
INSERT INTO Wahlbezirk (name, wahlkreis) VALUES("Erfurt", 193);
INSERT INTO Wahlbezirk (name, wahlkreis) VALUES(" Weimar", 193);
INSERT INTO Wahlbezirk (name, wahlkreis) VALUES("vom Landkreis Weimarer Land die Verwaltungsgemeinschaft Grammetal", 193);
INSERT INTO Wahlbezirk (name, wahlkreis) VALUES("Gera", 194);
INSERT INTO Wahlbezirk (name, wahlkreis) VALUES(" Jena", 194);
INSERT INTO Wahlbezirk (name, wahlkreis) VALUES(" Saale-Holzland-Kreis", 194);
INSERT INTO Wahlbezirk (name, wahlkreis) VALUES("Landkreis Greiz", 195);
INSERT INTO Wahlbezirk (name, wahlkreis) VALUES(" Landkreis Altenburger Land", 195);
INSERT INTO Wahlbezirk (name, wahlkreis) VALUES("Landkreis Sonneberg", 196);
INSERT INTO Wahlbezirk (name, wahlkreis) VALUES(" Landkreis Saalfeld-Rudolstadt", 196);
INSERT INTO Wahlbezirk (name, wahlkreis) VALUES(" Saale-Orla-Kreis", 196);
INSERT INTO Wahlbezirk (name, wahlkreis) VALUES("Suhl", 197);
INSERT INTO Wahlbezirk (name, wahlkreis) VALUES(" Landkreis Schmalkalden-Meiningen", 197);
INSERT INTO Wahlbezirk (name, wahlkreis) VALUES("Landkreis Hildburghausen", 197);
INSERT INTO Wahlbezirk (name, wahlkreis) VALUES("Landkreis Neuwied", 198);
INSERT INTO Wahlbezirk (name, wahlkreis) VALUES(" Landkreis Altenkirchen (Westerwald)", 198);
INSERT INTO Wahlbezirk (name, wahlkreis) VALUES("Landkreis Ahrweiler", 199);
INSERT INTO Wahlbezirk (name, wahlkreis) VALUES(" Landkreis Mayen-Koblenz (westl. Teil)", 199);
INSERT INTO Wahlbezirk (name, wahlkreis) VALUES("Koblenz", 200);
INSERT INTO Wahlbezirk (name, wahlkreis) VALUES(" Rhein-Lahn-Kreis (westl. Teil)", 200);
INSERT INTO Wahlbezirk (name, wahlkreis) VALUES("Landkreis Mayen-Koblenz (östl. Teil)", 200);
INSERT INTO Wahlbezirk (name, wahlkreis) VALUES("Rhein-Hunsrück-Kreis", 201);
INSERT INTO Wahlbezirk (name, wahlkreis) VALUES(" Landkreis Cochem-Zell", 201);
INSERT INTO Wahlbezirk (name, wahlkreis) VALUES(" Landkreis Bernkastel-Wittlich (südl. Teil)", 201);
INSERT INTO Wahlbezirk (name, wahlkreis) VALUES("Landkreis Bad Kreuznach", 202);
INSERT INTO Wahlbezirk (name, wahlkreis) VALUES(" Landkreis Birkenfeld", 202);
INSERT INTO Wahlbezirk (name, wahlkreis) VALUES("Eifelkreis Bitburg-Prüm", 203);
INSERT INTO Wahlbezirk (name, wahlkreis) VALUES(" Landkreis Vulkaneifel", 203);
INSERT INTO Wahlbezirk (name, wahlkreis) VALUES(" Landkreis Bernkastel-Wittlich(nördl. Teil)", 203);
INSERT INTO Wahlbezirk (name, wahlkreis) VALUES("Trier", 204);
INSERT INTO Wahlbezirk (name, wahlkreis) VALUES(" Landkreis Trier-Saarburg", 204);
INSERT INTO Wahlbezirk (name, wahlkreis) VALUES("Westerwaldkreis", 205);
INSERT INTO Wahlbezirk (name, wahlkreis) VALUES(" Rhein-Lahn-Kreis (östl. Teil)", 205);
INSERT INTO Wahlbezirk (name, wahlkreis) VALUES("Mainz", 206);
INSERT INTO Wahlbezirk (name, wahlkreis) VALUES(" Landkreis Mainz-Bingen (nordwestl. Teil)", 206);
INSERT INTO Wahlbezirk (name, wahlkreis) VALUES("Worms", 207);
INSERT INTO Wahlbezirk (name, wahlkreis) VALUES(" Landkreis Alzey-Worms", 207);
INSERT INTO Wahlbezirk (name, wahlkreis) VALUES(" Landkreis Mainz-Bingen (südöstl. Teil)", 207);
INSERT INTO Wahlbezirk (name, wahlkreis) VALUES("Ludwigshafen am Rhein", 208);
INSERT INTO Wahlbezirk (name, wahlkreis) VALUES(" Frankenthal (Pfalz)", 208);
INSERT INTO Wahlbezirk (name, wahlkreis) VALUES("Rhein-Pfalz-Kreis (nördl. Teil)", 208);
INSERT INTO Wahlbezirk (name, wahlkreis) VALUES("Neustadt an der Weinstraße", 209);
INSERT INTO Wahlbezirk (name, wahlkreis) VALUES(" Speyer", 209);
INSERT INTO Wahlbezirk (name, wahlkreis) VALUES("Landkreis Bad Dürkheim", 209);
INSERT INTO Wahlbezirk (name, wahlkreis) VALUES(" Rhein-Pfalz-Kreis(südl. Teil)", 209);
INSERT INTO Wahlbezirk (name, wahlkreis) VALUES("", 209);
INSERT INTO Wahlbezirk (name, wahlkreis) VALUES("Kaiserslautern", 210);
INSERT INTO Wahlbezirk (name, wahlkreis) VALUES(" Donnersbergkreis", 210);
INSERT INTO Wahlbezirk (name, wahlkreis) VALUES(" Landkreis Kaiserslautern (nördl. Teil)", 210);
INSERT INTO Wahlbezirk (name, wahlkreis) VALUES(" Landkreis Kusel", 210);
INSERT INTO Wahlbezirk (name, wahlkreis) VALUES("Pirmasens", 211);
INSERT INTO Wahlbezirk (name, wahlkreis) VALUES(" Landkreis Kaiserslautern (südl. Teil)", 211);
INSERT INTO Wahlbezirk (name, wahlkreis) VALUES(" Landkreis Südwestpfalz", 211);
INSERT INTO Wahlbezirk (name, wahlkreis) VALUES(" Zweibrücken", 211);
INSERT INTO Wahlbezirk (name, wahlkreis) VALUES("Landkreis Germersheim", 212);
INSERT INTO Wahlbezirk (name, wahlkreis) VALUES(" Landkreis Südliche Weinstraße", 212);
INSERT INTO Wahlbezirk (name, wahlkreis) VALUES(" Landau in der Pfalz", 212);
INSERT INTO Wahlbezirk (name, wahlkreis) VALUES("Landkreis Altötting", 213);
INSERT INTO Wahlbezirk (name, wahlkreis) VALUES(" Landkreis Mühldorf am Inn", 213);
INSERT INTO Wahlbezirk (name, wahlkreis) VALUES("Landkreis Erding", 214);
INSERT INTO Wahlbezirk (name, wahlkreis) VALUES(" Landkreis Ebersberg", 214);
INSERT INTO Wahlbezirk (name, wahlkreis) VALUES("Landkreis Freising", 215);
INSERT INTO Wahlbezirk (name, wahlkreis) VALUES(" Landkreis Pfaffenhofen an der Ilm", 215);
INSERT INTO Wahlbezirk (name, wahlkreis) VALUES("Landkreis Fürstenfeldbruck", 216);
INSERT INTO Wahlbezirk (name, wahlkreis) VALUES(" Landkreis Dachau", 216);
INSERT INTO Wahlbezirk (name, wahlkreis) VALUES("Ingolstadt", 217);
INSERT INTO Wahlbezirk (name, wahlkreis) VALUES(" Landkreis Eichstätt", 217);
INSERT INTO Wahlbezirk (name, wahlkreis) VALUES(" Landkreis Neuburg-Schrobenhausen", 217);
INSERT INTO Wahlbezirk (name, wahlkreis) VALUES("Stadtbezirke Maxvorstadt", 218);
INSERT INTO Wahlbezirk (name, wahlkreis) VALUES(" Schwabing-West", 218);
INSERT INTO Wahlbezirk (name, wahlkreis) VALUES("Moosach", 218);
INSERT INTO Wahlbezirk (name, wahlkreis) VALUES(" Milbertshofen-Am Hart", 218);
INSERT INTO Wahlbezirk (name, wahlkreis) VALUES(" Schwabing-Freimann und Feldmoching-Hasenbergl", 218);
INSERT INTO Wahlbezirk (name, wahlkreis) VALUES("Stadtbezirke Altstadt-Lehel", 219);
INSERT INTO Wahlbezirk (name, wahlkreis) VALUES(" Au-Haidhausen", 219);
INSERT INTO Wahlbezirk (name, wahlkreis) VALUES("Trudering-Riem", 219);
INSERT INTO Wahlbezirk (name, wahlkreis) VALUES(" Berg am Laim", 219);
INSERT INTO Wahlbezirk (name, wahlkreis) VALUES(" Bogenhausenund Ramersdorf-Perlach", 219);
INSERT INTO Wahlbezirk (name, wahlkreis) VALUES("Stadtbezirke Sendling", 220);
INSERT INTO Wahlbezirk (name, wahlkreis) VALUES(" Sendling-Westpark", 220);
INSERT INTO Wahlbezirk (name, wahlkreis) VALUES("Obergiesing", 220);
INSERT INTO Wahlbezirk (name, wahlkreis) VALUES(" Untergiesing-Harlaching", 220);
INSERT INTO Wahlbezirk (name, wahlkreis) VALUES("Thalkirchen-Obersendling-Forstenried-Fürstenried-Solln und Hadern", 220);
INSERT INTO Wahlbezirk (name, wahlkreis) VALUES("Stadtbezirke Ludwigsvorstadt-Isarvorstadt", 221);
INSERT INTO Wahlbezirk (name, wahlkreis) VALUES("Schwanthalerhöhe", 221);
INSERT INTO Wahlbezirk (name, wahlkreis) VALUES(" Neuhausen-Nymphenburg", 221);
INSERT INTO Wahlbezirk (name, wahlkreis) VALUES(" Pasing-Obermenzing", 221);
INSERT INTO Wahlbezirk (name, wahlkreis) VALUES(" Aubing-Lochhausen-Langwied", 221);
INSERT INTO Wahlbezirk (name, wahlkreis) VALUES(" Allach-Untermenzingund Laim", 221);
INSERT INTO Wahlbezirk (name, wahlkreis) VALUES("Landkreis München", 222);
INSERT INTO Wahlbezirk (name, wahlkreis) VALUES("vom Landkreis Starnbergdie Gemeinde Krailling", 222);
INSERT INTO Wahlbezirk (name, wahlkreis) VALUES("Landkreis Rosenheim", 223);
INSERT INTO Wahlbezirk (name, wahlkreis) VALUES(" Rosenheim", 223);
INSERT INTO Wahlbezirk (name, wahlkreis) VALUES("Landkreis Starnberg ohne Krailling", 224);
INSERT INTO Wahlbezirk (name, wahlkreis) VALUES(" Landkreis Miesbach", 224);
INSERT INTO Wahlbezirk (name, wahlkreis) VALUES(" Landkreis Bad Tölz-Wolfratshausen", 224);
INSERT INTO Wahlbezirk (name, wahlkreis) VALUES("Landkreis Traunstein", 225);
INSERT INTO Wahlbezirk (name, wahlkreis) VALUES(" Landkreis Berchtesgadener Land", 225);
INSERT INTO Wahlbezirk (name, wahlkreis) VALUES("Landkreis Weilheim-Schongau", 226);
INSERT INTO Wahlbezirk (name, wahlkreis) VALUES(" Landkreis Garmisch-Partenkirchen", 226);
INSERT INTO Wahlbezirk (name, wahlkreis) VALUES(" Landkreis Landsberg am Lech", 226);
INSERT INTO Wahlbezirk (name, wahlkreis) VALUES("Landkreis Deggendorf", 227);
INSERT INTO Wahlbezirk (name, wahlkreis) VALUES(" Landkreis Freyung-Grafenau", 227);
INSERT INTO Wahlbezirk (name, wahlkreis) VALUES("Landshut", 228);
INSERT INTO Wahlbezirk (name, wahlkreis) VALUES(" Landkreis Kelheim", 228);
INSERT INTO Wahlbezirk (name, wahlkreis) VALUES(" Landkreis Landshut", 228);
INSERT INTO Wahlbezirk (name, wahlkreis) VALUES("Passau", 229);
INSERT INTO Wahlbezirk (name, wahlkreis) VALUES(" Landkreis Passau", 229);
INSERT INTO Wahlbezirk (name, wahlkreis) VALUES("Landkreis Rottal-Inn", 230);
INSERT INTO Wahlbezirk (name, wahlkreis) VALUES(" Landkreis Dingolfing-Landau", 230);
INSERT INTO Wahlbezirk (name, wahlkreis) VALUES("Straubing", 231);
INSERT INTO Wahlbezirk (name, wahlkreis) VALUES(" Landkreis Regen", 231);
INSERT INTO Wahlbezirk (name, wahlkreis) VALUES(" Landkreis Straubing-Bogen", 231);
INSERT INTO Wahlbezirk (name, wahlkreis) VALUES("Amberg", 232);
INSERT INTO Wahlbezirk (name, wahlkreis) VALUES(" Landkreis Amberg-Sulzbach", 232);
INSERT INTO Wahlbezirk (name, wahlkreis) VALUES("Landkreis Neumarkt in der Oberpfalz", 232);
INSERT INTO Wahlbezirk (name, wahlkreis) VALUES("Regensburg", 233);
INSERT INTO Wahlbezirk (name, wahlkreis) VALUES(" Landkreis Regensburg", 233);
INSERT INTO Wahlbezirk (name, wahlkreis) VALUES("Landkreis Schwandorf", 234);
INSERT INTO Wahlbezirk (name, wahlkreis) VALUES(" Landkreis Cham", 234);
INSERT INTO Wahlbezirk (name, wahlkreis) VALUES("Weiden in der Oberpfalz", 235);
INSERT INTO Wahlbezirk (name, wahlkreis) VALUES(" Landkreis Tirschenreuth", 235);
INSERT INTO Wahlbezirk (name, wahlkreis) VALUES(" Landkreis Neustadt an der Waldnaab", 235);
INSERT INTO Wahlbezirk (name, wahlkreis) VALUES("Bamberg", 236);
INSERT INTO Wahlbezirk (name, wahlkreis) VALUES(" Landkreis Bamberg (südl. Teil)", 236);
INSERT INTO Wahlbezirk (name, wahlkreis) VALUES("Landkreis Forchheim (westl. Teil)", 236);
INSERT INTO Wahlbezirk (name, wahlkreis) VALUES("Bayreuth", 237);
INSERT INTO Wahlbezirk (name, wahlkreis) VALUES(" Landkreis Bayreuth", 237);
INSERT INTO Wahlbezirk (name, wahlkreis) VALUES(" Landkreis Forchheim (östl. Teil)", 237);
INSERT INTO Wahlbezirk (name, wahlkreis) VALUES("Coburg", 238);
INSERT INTO Wahlbezirk (name, wahlkreis) VALUES(" Landkreis Coburg", 238);
INSERT INTO Wahlbezirk (name, wahlkreis) VALUES(" Landkreis Kronach", 238);
INSERT INTO Wahlbezirk (name, wahlkreis) VALUES("Hof", 239);
INSERT INTO Wahlbezirk (name, wahlkreis) VALUES(" Landkreis Hof", 239);
INSERT INTO Wahlbezirk (name, wahlkreis) VALUES(" Landkreis Wunsiedel im Fichtelgebirge", 239);
INSERT INTO Wahlbezirk (name, wahlkreis) VALUES("Landkreis Kulmbach", 240);
INSERT INTO Wahlbezirk (name, wahlkreis) VALUES(" Landkreis Bamberg(nördl. Teil)", 240);
INSERT INTO Wahlbezirk (name, wahlkreis) VALUES(" Landkreis Lichtenfels", 240);
INSERT INTO Wahlbezirk (name, wahlkreis) VALUES("Ansbach", 241);
INSERT INTO Wahlbezirk (name, wahlkreis) VALUES(" Landkreis Ansbach", 241);
INSERT INTO Wahlbezirk (name, wahlkreis) VALUES(" Landkreis Weißenburg-Gunzenhausen", 241);
INSERT INTO Wahlbezirk (name, wahlkreis) VALUES("Erlangen", 242);
INSERT INTO Wahlbezirk (name, wahlkreis) VALUES(" Landkreis Erlangen-Höchstadt", 242);
INSERT INTO Wahlbezirk (name, wahlkreis) VALUES("Fürth", 243);
INSERT INTO Wahlbezirk (name, wahlkreis) VALUES(" Landkreis Fürth", 243);
INSERT INTO Wahlbezirk (name, wahlkreis) VALUES(" Landkreis Neustadt an der Aisch-Bad Windsheim", 243);
INSERT INTO Wahlbezirk (name, wahlkreis) VALUES("Nürnberg (nördl. Teil)", 244);
INSERT INTO Wahlbezirk (name, wahlkreis) VALUES("Nürnberg (südl. Teil)", 245);
INSERT INTO Wahlbezirk (name, wahlkreis) VALUES(" Schwabach", 245);
INSERT INTO Wahlbezirk (name, wahlkreis) VALUES("Landkreis Roth", 246);
INSERT INTO Wahlbezirk (name, wahlkreis) VALUES(" Landkreis Nürnberger Land", 246);
INSERT INTO Wahlbezirk (name, wahlkreis) VALUES("Aschaffenburg", 247);
INSERT INTO Wahlbezirk (name, wahlkreis) VALUES(" Landkreis Aschaffenburg", 247);
INSERT INTO Wahlbezirk (name, wahlkreis) VALUES("Landkreis Bad Kissingen", 248);
INSERT INTO Wahlbezirk (name, wahlkreis) VALUES(" Landkreis Rhön-Grabfeld", 248);
INSERT INTO Wahlbezirk (name, wahlkreis) VALUES(" Landkreis Haßberge", 248);
INSERT INTO Wahlbezirk (name, wahlkreis) VALUES("Landkreis Main-Spessart", 249);
INSERT INTO Wahlbezirk (name, wahlkreis) VALUES(" Landkreis Miltenberg", 249);
INSERT INTO Wahlbezirk (name, wahlkreis) VALUES("Schweinfurt", 250);
INSERT INTO Wahlbezirk (name, wahlkreis) VALUES(" Landkreis Schweinfurt", 250);
INSERT INTO Wahlbezirk (name, wahlkreis) VALUES("Landkreis Kitzingen", 250);
INSERT INTO Wahlbezirk (name, wahlkreis) VALUES("Würzburg", 251);
INSERT INTO Wahlbezirk (name, wahlkreis) VALUES(" Landkreis Würzburg", 251);
INSERT INTO Wahlbezirk (name, wahlkreis) VALUES("Augsburg", 252);
INSERT INTO Wahlbezirk (name, wahlkreis) VALUES("vom Landkreis Augsburg die Gemeinde Königsbrunn", 252);
INSERT INTO Wahlbezirk (name, wahlkreis) VALUES("Landkreis Augsburg ohne Königsbrunn", 253);
INSERT INTO Wahlbezirk (name, wahlkreis) VALUES("Landkreis Aichach-Friedberg (südl. Teil)", 253);
INSERT INTO Wahlbezirk (name, wahlkreis) VALUES("Landkreis Donau-Ries", 254);
INSERT INTO Wahlbezirk (name, wahlkreis) VALUES(" Landkreis Aichach-Friedberg (nördl. Teil)", 254);
INSERT INTO Wahlbezirk (name, wahlkreis) VALUES(" Landkreis Dillingen an der Donau", 254);
INSERT INTO Wahlbezirk (name, wahlkreis) VALUES("Landkreis Neu-Ulm", 255);
INSERT INTO Wahlbezirk (name, wahlkreis) VALUES(" Landkreis Unterallgäu(nordwestl. Teil.)", 255);
INSERT INTO Wahlbezirk (name, wahlkreis) VALUES(" Landkreis Günzburg", 255);
INSERT INTO Wahlbezirk (name, wahlkreis) VALUES("Landkreis Oberallgäu", 256);
INSERT INTO Wahlbezirk (name, wahlkreis) VALUES(" Landkreis Lindau (Bodensee)", 256);
INSERT INTO Wahlbezirk (name, wahlkreis) VALUES(" Kempten (Allgäu)", 256);
INSERT INTO Wahlbezirk (name, wahlkreis) VALUES("Landkreis Ostallgäu", 257);
INSERT INTO Wahlbezirk (name, wahlkreis) VALUES(" Landkreis Unterallgäu(südöstl. Teil)", 257);
INSERT INTO Wahlbezirk (name, wahlkreis) VALUES(" Kaufbeuren", 257);
INSERT INTO Wahlbezirk (name, wahlkreis) VALUES(" Memmingen", 257);
INSERT INTO Wahlbezirk (name, wahlkreis) VALUES("Stadtbezirke Stuttgart-West", 258);
INSERT INTO Wahlbezirk (name, wahlkreis) VALUES(" Stuttgart-Mitte", 258);
INSERT INTO Wahlbezirk (name, wahlkreis) VALUES("Stuttgart-Süd", 258);
INSERT INTO Wahlbezirk (name, wahlkreis) VALUES(" Stuttgart-Nord", 258);
INSERT INTO Wahlbezirk (name, wahlkreis) VALUES(" Birkach", 258);
INSERT INTO Wahlbezirk (name, wahlkreis) VALUES("Degerloch", 258);
INSERT INTO Wahlbezirk (name, wahlkreis) VALUES(" Hedelfingen", 258);
INSERT INTO Wahlbezirk (name, wahlkreis) VALUES(" Möhringen", 258);
INSERT INTO Wahlbezirk (name, wahlkreis) VALUES("Plieningen", 258);
INSERT INTO Wahlbezirk (name, wahlkreis) VALUES(" Sillenbuch und Vaihingen", 258);
INSERT INTO Wahlbezirk (name, wahlkreis) VALUES("Stadtbezirke Stuttgart-Ost", 259);
INSERT INTO Wahlbezirk (name, wahlkreis) VALUES(" Weilimdorf", 259);
INSERT INTO Wahlbezirk (name, wahlkreis) VALUES("Feuerbach", 259);
INSERT INTO Wahlbezirk (name, wahlkreis) VALUES(" Botnang", 259);
INSERT INTO Wahlbezirk (name, wahlkreis) VALUES(" Bad Cannstatt", 259);
INSERT INTO Wahlbezirk (name, wahlkreis) VALUES("Stammheim", 259);
INSERT INTO Wahlbezirk (name, wahlkreis) VALUES(" Zuffenhausen", 259);
INSERT INTO Wahlbezirk (name, wahlkreis) VALUES(" Mühlhausen", 259);
INSERT INTO Wahlbezirk (name, wahlkreis) VALUES("Münster", 259);
INSERT INTO Wahlbezirk (name, wahlkreis) VALUES(" Untertürkheim", 259);
INSERT INTO Wahlbezirk (name, wahlkreis) VALUES(" Wangen undObertürkheim", 259);
INSERT INTO Wahlbezirk (name, wahlkreis) VALUES("Landkreis Böblingen ohne Steinenbronn undWaldenbuch", 260);
INSERT INTO Wahlbezirk (name, wahlkreis) VALUES("Landkreis Esslingen (nördl. Teil)", 261);
INSERT INTO Wahlbezirk (name, wahlkreis) VALUES("Landkreis Esslingen (südl. Teil)", 262);
INSERT INTO Wahlbezirk (name, wahlkreis) VALUES("vomLandkreis Böblingen die GemeindenSteinenbronn und Waldenbuch", 262);
INSERT INTO Wahlbezirk (name, wahlkreis) VALUES("Landkreis Göppingen", 263);
INSERT INTO Wahlbezirk (name, wahlkreis) VALUES("Rems-Murr-Kreis (südl. Teil)", 264);
INSERT INTO Wahlbezirk (name, wahlkreis) VALUES("Landkreis Ludwigsburg (südl. Teil)", 265);
INSERT INTO Wahlbezirk (name, wahlkreis) VALUES("Landkreis Ludwigsburg (nördl. Teil)", 266);
INSERT INTO Wahlbezirk (name, wahlkreis) VALUES(" Landkreis Heilbronn (südl. Teil)", 266);
INSERT INTO Wahlbezirk (name, wahlkreis) VALUES("Heilbronn", 267);
INSERT INTO Wahlbezirk (name, wahlkreis) VALUES(" Landkreis Heilbronn (nördl. Teil)", 267);
INSERT INTO Wahlbezirk (name, wahlkreis) VALUES("Landkreis Schwäbisch Hall", 268);
INSERT INTO Wahlbezirk (name, wahlkreis) VALUES(" Hohenlohekreis", 268);
INSERT INTO Wahlbezirk (name, wahlkreis) VALUES("Ostalbkreis (westl. Teil)", 269);
INSERT INTO Wahlbezirk (name, wahlkreis) VALUES(" Rems-Murr-Kreis(nördl. Teil)", 269);
INSERT INTO Wahlbezirk (name, wahlkreis) VALUES("Ostalbkreis (östl. Teil)", 270);
INSERT INTO Wahlbezirk (name, wahlkreis) VALUES(" Landkreis Heidenheim", 270);
INSERT INTO Wahlbezirk (name, wahlkreis) VALUES("Karlsruhe", 271);
INSERT INTO Wahlbezirk (name, wahlkreis) VALUES("Landkreis Karlsruhe (südl. Teil)", 272);
INSERT INTO Wahlbezirk (name, wahlkreis) VALUES("Landkreis Rastatt", 273);
INSERT INTO Wahlbezirk (name, wahlkreis) VALUES(" Baden-Baden", 273);
INSERT INTO Wahlbezirk (name, wahlkreis) VALUES("Heidelberg", 274);
INSERT INTO Wahlbezirk (name, wahlkreis) VALUES(" Rhein-Neckar-Kreis (nördl. Teil)", 274);
INSERT INTO Wahlbezirk (name, wahlkreis) VALUES("Mannheim", 275);
INSERT INTO Wahlbezirk (name, wahlkreis) VALUES("Neckar-Odenwald-Kreis", 276);
INSERT INTO Wahlbezirk (name, wahlkreis) VALUES(" Main-Tauber-Kreis", 276);
INSERT INTO Wahlbezirk (name, wahlkreis) VALUES("Rhein-Neckar-Kreis (östl. Teil)", 277);
INSERT INTO Wahlbezirk (name, wahlkreis) VALUES("Landkreis Karlsruhe (nördl. Teil)", 278);
INSERT INTO Wahlbezirk (name, wahlkreis) VALUES(" Rhein-Neckar-Kreis (westl. Teil)", 278);
INSERT INTO Wahlbezirk (name, wahlkreis) VALUES("Pforzheim", 279);
INSERT INTO Wahlbezirk (name, wahlkreis) VALUES(" Enzkreis", 279);
INSERT INTO Wahlbezirk (name, wahlkreis) VALUES("Landkreis Calw", 280);
INSERT INTO Wahlbezirk (name, wahlkreis) VALUES(" Landkreis Freudenstadt", 280);
INSERT INTO Wahlbezirk (name, wahlkreis) VALUES("Freiburg im Breisgau", 281);
INSERT INTO Wahlbezirk (name, wahlkreis) VALUES(" Landkreis Breisgau-Hochschwarzwald (nordwestl. Teil)", 281);
INSERT INTO Wahlbezirk (name, wahlkreis) VALUES("Landkreis Lörrach", 282);
INSERT INTO Wahlbezirk (name, wahlkreis) VALUES(" Landkreis Breisgau-Hochschwarzwald (südwestl. Teil)", 282);
INSERT INTO Wahlbezirk (name, wahlkreis) VALUES("Landkreis Emmendingen", 283);
INSERT INTO Wahlbezirk (name, wahlkreis) VALUES(" Ortenaukreis (südl. Teil)", 283);
INSERT INTO Wahlbezirk (name, wahlkreis) VALUES("Ortenaukreis (nördl. Teil)", 284);
INSERT INTO Wahlbezirk (name, wahlkreis) VALUES("Landkreis Rottweil", 285);
INSERT INTO Wahlbezirk (name, wahlkreis) VALUES(" Landkreis Tuttlingen", 285);
INSERT INTO Wahlbezirk (name, wahlkreis) VALUES("Schwarzwald-Baar-Kreis", 286);
INSERT INTO Wahlbezirk (name, wahlkreis) VALUES(" Ortenaukreis (östl. Teil)", 286);
INSERT INTO Wahlbezirk (name, wahlkreis) VALUES("Landkreis Konstanz", 287);
INSERT INTO Wahlbezirk (name, wahlkreis) VALUES("Landkreis Waldshut", 288);
INSERT INTO Wahlbezirk (name, wahlkreis) VALUES(" Landkreis Breisgau-Hochschwarzwald (östl. Teil)", 288);
INSERT INTO Wahlbezirk (name, wahlkreis) VALUES("Landkreis Reutlingen", 289);
INSERT INTO Wahlbezirk (name, wahlkreis) VALUES("Landkreis Tübingen", 290);
INSERT INTO Wahlbezirk (name, wahlkreis) VALUES(" Zollernalbkreis (nördl. Teil)", 290);
INSERT INTO Wahlbezirk (name, wahlkreis) VALUES("Ulm", 291);
INSERT INTO Wahlbezirk (name, wahlkreis) VALUES(" Alb-Donau-Kreis", 291);
INSERT INTO Wahlbezirk (name, wahlkreis) VALUES("Landkreis Biberach", 292);
INSERT INTO Wahlbezirk (name, wahlkreis) VALUES("vom Landkreis Ravensburg die Gemeinden Aichstetten", 292);
INSERT INTO Wahlbezirk (name, wahlkreis) VALUES("Aitrach", 292);
INSERT INTO Wahlbezirk (name, wahlkreis) VALUES(" Bad Wurzach und Kißlegg", 292);
INSERT INTO Wahlbezirk (name, wahlkreis) VALUES("Bodenseekreis", 293);
INSERT INTO Wahlbezirk (name, wahlkreis) VALUES("vom Landkreis Sigmaringendie Gemeinden Herdwangen-Schönach", 293);
INSERT INTO Wahlbezirk (name, wahlkreis) VALUES("Illmensee", 293);
INSERT INTO Wahlbezirk (name, wahlkreis) VALUES(" Pfullendorf und Wald", 293);
INSERT INTO Wahlbezirk (name, wahlkreis) VALUES("Landkreis Ravensburg ohne Aichstetten", 294);
INSERT INTO Wahlbezirk (name, wahlkreis) VALUES("Aitrach", 294);
INSERT INTO Wahlbezirk (name, wahlkreis) VALUES(" Bad Wurzach und Kißlegg", 294);
INSERT INTO Wahlbezirk (name, wahlkreis) VALUES("Zollernalbkreis (südl. Teil)", 295);
INSERT INTO Wahlbezirk (name, wahlkreis) VALUES(" Landkreis Sigmaringen ohne Herdwangen-Schönach", 295);
INSERT INTO Wahlbezirk (name, wahlkreis) VALUES("Illmensee", 295);
INSERT INTO Wahlbezirk (name, wahlkreis) VALUES(" Pfullendorf und Wald", 295);
INSERT INTO Wahlbezirk (name, wahlkreis) VALUES("Vom Regionalverband Saarbrücken die Gemeinden Saarbrücken", 296);
INSERT INTO Wahlbezirk (name, wahlkreis) VALUES(" Großrosseln", 296);
INSERT INTO Wahlbezirk (name, wahlkreis) VALUES("Püttlingen", 296);
INSERT INTO Wahlbezirk (name, wahlkreis) VALUES(" Riegelsberg", 296);
INSERT INTO Wahlbezirk (name, wahlkreis) VALUES(" Kleinblittersdorf undVölklingen", 296);
INSERT INTO Wahlbezirk (name, wahlkreis) VALUES("Landkreis Saarlouis ohne Lebach undSchmelz", 297);
INSERT INTO Wahlbezirk (name, wahlkreis) VALUES(" Landkreis Merzig-Wadern", 297);
INSERT INTO Wahlbezirk (name, wahlkreis) VALUES("Landkreis St. Wendel", 298);
INSERT INTO Wahlbezirk (name, wahlkreis) VALUES("vom Landkreis Saarlouis die Gemeinden Lebach undSchmelz", 298);
INSERT INTO Wahlbezirk (name, wahlkreis) VALUES("vom Landkreis Neunkirchen die Gemeinden Eppelborn", 298);
INSERT INTO Wahlbezirk (name, wahlkreis) VALUES(" Illingen", 298);
INSERT INTO Wahlbezirk (name, wahlkreis) VALUES(" Merchweiler", 298);
INSERT INTO Wahlbezirk (name, wahlkreis) VALUES("Ottweiler und Schiffweiler", 298);
INSERT INTO Wahlbezirk (name, wahlkreis) VALUES("vomRegionalverband Saarbrücken die GemeindeHeusweiler", 298);
INSERT INTO Wahlbezirk (name, wahlkreis) VALUES("Saarpfalz-Kreis", 299);
INSERT INTO Wahlbezirk (name, wahlkreis) VALUES("vom Landkreis Neunkirchendie Gemeinden Neunkirchen und Spiesen-Elversberg", 299);
INSERT INTO Wahlbezirk (name, wahlkreis) VALUES("vom Regionalverband Saarbrücken die Gemeinden Friedrichsthal", 299);
INSERT INTO Wahlbezirk (name, wahlkreis) VALUES("Quierschied und Sulzbach/Saar", 299);